"y","elevation","selev"
1,202.037652395666,-0.797962347604334
1,205.803266400471,-0.794196733599529
1,206.311868131161,-0.793688131868839
1,206.348368804902,-0.793651631195098
1,208.097793953493,-0.791902206046507
1,209.829913405702,-0.790170086594298
1,210.931604355574,-0.789068395644426
1,211.302221938968,-0.788697778061032
1,213.581652846187,-0.786418347153813
1,214.305226504803,-0.785694773495197
1,214.587101526558,-0.785412898473442
1,214.912702841684,-0.785087297158316
1,216.155142290518,-0.783844857709482
1,216.6793435812,-0.7833206564188
1,217.327367793769,-0.782672632206231
1,217.482437193394,-0.782517562806606
1,218.075934611261,-0.781924065388739
1,219.852269021794,-0.780147730978206
1,221.796865947545,-0.778203134052455
1,222.685415158048,-0.777314584841952
1,223.500828491524,-0.776499171508476
1,223.809006344527,-0.776190993655473
1,224.664783990011,-0.775335216009989
1,225.100100645795,-0.774899899354205
1,225.778694078326,-0.774221305921674
1,226.205315347761,-0.773794684652239
1,228.652537707239,-0.771347462292761
1,229.726648004726,-0.770273351995274
1,229.791233921424,-0.770208766078576
1,230.982652306557,-0.769017347693443
1,232.298393175006,-0.767701606824994
1,233.117715828121,-0.766882284171879
1,233.60364031978,-0.76639635968022
1,233.944478258491,-0.766055521741509
1,234.416505135596,-0.765583494864404
1,235.699121560901,-0.764300878439099
1,235.905754333362,-0.764094245666638
1,236.251026298851,-0.763748973701149
1,237.224625842646,-0.762775374157354
1,237.434738781303,-0.762565261218697
1,237.778082909063,-0.762221917090937
1,238.108721747994,-0.761891278252006
1,238.422973966226,-0.761577026033774
1,238.819486601278,-0.761180513398722
1,238.913259562105,-0.761086740437895
1,239.191881148145,-0.760808118851855
1,240.353925572708,-0.759646074427292
1,240.456150844693,-0.759543849155307
1,240.887520043179,-0.759112479956821
1,243.164039915428,-0.756835960084572
1,243.851790577173,-0.756148209422827
1,245.568865351379,-0.754431134648621
1,247.001882875338,-0.752998117124662
1,247.725899517536,-0.752274100482464
1,247.739395219833,-0.752260604780167
1,249.40448878333,-0.75059551121667
1,250.958437472582,-0.749041562527418
1,251.064953859895,-0.748935046140105
1,252.397458953783,-0.747602541046217
1,252.503411239013,-0.747496588760987
1,253.24978241697,-0.746750217583031
1,254.060602467507,-0.745939397532493
1,254.364938056096,-0.745635061943904
1,255.039515718818,-0.744960484281182
1,255.81625411287,-0.744183745887131
1,257.18665253371,-0.74281334746629
1,257.829597312957,-0.742170402687043
1,258.977662399411,-0.741022337600589
1,261.362129030749,-0.738637870969251
1,261.872118804604,-0.738127881195396
1,262.237385381013,-0.737762614618987
1,262.917404575273,-0.737082595424727
1,263.152995146811,-0.736847004853189
1,263.859726209193,-0.736140273790806
1,265.860919002444,-0.734139080997556
1,266.05990412645,-0.73394009587355
1,266.168667282909,-0.733831332717091
1,268.094069231302,-0.731905930768698
1,269.338532490656,-0.730661467509344
1,269.433192256838,-0.730566807743162
1,269.68638189137,-0.73031361810863
1,270.164132770151,-0.729835867229849
1,270.503799756989,-0.729496200243011
1,270.637262705714,-0.729362737294286
1,271.311808936298,-0.728688191063702
1,272.408752376214,-0.727591247623786
1,272.48077429831,-0.72751922570169
1,272.847133036703,-0.727152866963297
1,273.51435306482,-0.72648564693518
1,275.041962461546,-0.724958037538454
1,275.570802297443,-0.724429197702557
1,276.45607041195,-0.72354392958805
1,276.716742990538,-0.723283257009461
1,278.631778620183,-0.721368221379816
1,278.702011005953,-0.721297988994047
1,278.905282216147,-0.721094717783853
1,281.142727751285,-0.718857272248715
1,281.158922845498,-0.718841077154502
1,281.580628966913,-0.718419371033087
1,282.44412089698,-0.71755587910302
1,282.630782946944,-0.717369217053056
1,284.322027210146,-0.715677972789854
1,284.836132498458,-0.715163867501542
1,285.585071053356,-0.714414928946644
1,285.624852403998,-0.714375147596002
1,285.847871378064,-0.714152128621936
1,286.340822838247,-0.713659177161753
1,287.102231988683,-0.712897768011317
1,288.994856504723,-0.711005143495277
1,291.037657065317,-0.708962342934683
1,292.194999661297,-0.707805000338703
1,292.59899482131,-0.70740100517869
1,294.182518636808,-0.705817481363192
1,295.222122315317,-0.704777877684683
1,295.267700590193,-0.704732299409807
1,296.324226493016,-0.703675773506984
1,296.401182422414,-0.703598817577586
1,296.655672090128,-0.703344327909872
1,296.661533974111,-0.703338466025889
1,297.041271487251,-0.702958728512749
1,298.399681271985,-0.701600318728015
1,301.268346561119,-0.698731653438881
1,302.130584139377,-0.697869415860623
1,303.188294405118,-0.696811705594882
1,304.351186659187,-0.695648813340813
1,304.595679230988,-0.695404320769012
1,308.539845794439,-0.691460154205561
1,310.630134446546,-0.689369865553454
1,310.840011853725,-0.689159988146275
1,311.134383035824,-0.688865616964176
1,311.674061091617,-0.688325938908383
1,311.692192824557,-0.688307807175443
1,312.422759504989,-0.687577240495011
1,312.75696484372,-0.68724303515628
1,317.111785151064,-0.682888214848936
1,324.87304485403,-0.67512695514597
1,325.137487612665,-0.674862512387335
1,325.844154134393,-0.674155845865607
1,326.103706890717,-0.673896293109283
1,326.856400957331,-0.673143599042669
1,327.277850173414,-0.672722149826586
1,328.052753768861,-0.671947246231139
1,328.684995695949,-0.671315004304051
1,330.316105671227,-0.669683894328773
1,331.200036033988,-0.668799963966012
1,333.728028926998,-0.666271971073002
1,334.861581167206,-0.665138418832794
1,334.908780921251,-0.665091219078749
1,335.766983870417,-0.664233016129583
1,336.325608380139,-0.663674391619861
1,338.653770415112,-0.661346229584888
1,339.737027045339,-0.660262972954661
1,339.770760852844,-0.660229239147156
1,339.849406573921,-0.660150593426079
1,341.055062459782,-0.658944937540218
1,341.251452546567,-0.658748547453433
1,341.679649194703,-0.658320350805297
1,342.036429094151,-0.657963570905849
1,344.400012213737,-0.655599987786263
1,344.695788202807,-0.655304211797193
1,344.815080286935,-0.655184919713065
1,347.293115779757,-0.652706884220242
1,347.370916185901,-0.652629083814099
1,350.251894490793,-0.649748105509207
1,350.710403453559,-0.649289596546441
1,351.687077898532,-0.648312922101468
1,352.818009117618,-0.647181990882382
1,353.650892013684,-0.646349107986316
1,354.297819035128,-0.645702180964872
1,355.379903037101,-0.644620096962899
1,355.894243856892,-0.644105756143108
1,357.717627566308,-0.642282372433692
1,357.999969879165,-0.642000030120835
1,361.829475779086,-0.638170524220914
1,363.422600645572,-0.636577399354428
1,364.967234944925,-0.635032765055075
1,365.220943838358,-0.634779056161642
1,365.758620295674,-0.634241379704326
1,365.846161311492,-0.634153838688508
1,366.205611685291,-0.633794388314709
1,366.480761906132,-0.633519238093868
1,367.668047174811,-0.632331952825189
1,368.408921919763,-0.631591078080237
1,369.300034735352,-0.630699965264648
1,369.729248946533,-0.630270751053467
1,370.158369699493,-0.629841630300507
1,371.766519965604,-0.628233480034396
1,372.794134588912,-0.627205865411088
1,373.899654811248,-0.626100345188752
1,375.199120957404,-0.624800879042596
1,376.741822389886,-0.623258177610114
1,377.089168457314,-0.622910831542686
1,377.32886322774,-0.62267113677226
1,377.761548804119,-0.622238451195881
1,377.79876193963,-0.62220123806037
1,378.746351180598,-0.621253648819402
1,381.080132862553,-0.618919867137447
1,381.257084477693,-0.618742915522307
1,381.406084541231,-0.618593915458769
1,381.897845771164,-0.618102154228836
1,382.398539595306,-0.617601460404694
1,383.555975230411,-0.616444024769589
1,384.472364513204,-0.615527635486796
1,384.496268862858,-0.615503731137142
1,385.905319591984,-0.614094680408016
1,386.543802265078,-0.613456197734922
1,387.324025854468,-0.612675974145532
1,387.88866144605,-0.61211133855395
1,387.994029093534,-0.612005970906466
1,391.558073833585,-0.608441926166415
1,391.632554167882,-0.608367445832118
1,391.755913570523,-0.608244086429477
1,391.999690327793,-0.608000309672207
1,394.762175343931,-0.605237824656069
1,395.048968447372,-0.604951031552628
1,395.502165798098,-0.604497834201902
1,395.646722614765,-0.604353277385235
1,395.691456412897,-0.604308543587104
1,396.347855823115,-0.603652144176886
1,397.163086850196,-0.602836913149804
1,398.155630752444,-0.601844369247556
1,398.594901151955,-0.601405098848045
1,398.909722082317,-0.601090277917683
1,399.78937683627,-0.60021062316373
1,400.937557173893,-0.599062442826107
1,401.419619703665,-0.598580380296335
1,401.501413667575,-0.598498586332425
1,402.595671545714,-0.597404328454286
1,402.927983831614,-0.597072016168386
1,405.11428383179,-0.59488571616821
1,405.114713404328,-0.594885286595672
1,405.234694061801,-0.594765305938199
1,406.724423123524,-0.593275576876476
1,407.946999976411,-0.592053000023589
1,408.11103801243,-0.59188896198757
1,408.242936059833,-0.591757063940167
1,408.44210893847,-0.59155789106153
1,408.484618598595,-0.591515381401405
1,408.656456833705,-0.591343543166295
1,409.495262382552,-0.590504737617448
1,411.960737174377,-0.588039262825623
1,412.912560114637,-0.587087439885363
1,414.381971023977,-0.585618028976023
1,416.40505567193,-0.58359494432807
1,416.698916396126,-0.583301083603874
1,418.146091792732,-0.581853908207268
1,418.228917568922,-0.581771082431078
1,418.920288374647,-0.581079711625353
1,419.249823316932,-0.580750176683068
1,420.861612586305,-0.579138387413695
1,421.126075042412,-0.578873924957588
1,422.21399997361,-0.57778600002639
1,423.216815060005,-0.576783184939995
1,423.233686573803,-0.576766313426197
1,425.141222914681,-0.574858777085319
1,425.579850422218,-0.574420149577782
1,426.070545893162,-0.573929454106837
1,426.087552774698,-0.573912447225302
1,426.163691049442,-0.573836308950558
1,426.896946225315,-0.573103053774685
1,427.821384230629,-0.572178615769371
1,427.916949242353,-0.572083050757647
1,428.07623683475,-0.57192376316525
1,428.362994734198,-0.571637005265802
1,430.33534581773,-0.56966465418227
1,433.143417071551,-0.566856582928449
1,434.840010665357,-0.565159989334643
1,435.082293767482,-0.564917706232518
1,435.167437978089,-0.564832562021911
1,437.660543294623,-0.562339456705377
1,438.326938962564,-0.561673061037436
1,438.669367367402,-0.561330632632598
1,439.473996544257,-0.560526003455743
1,439.858075045049,-0.560141924954951
1,441.88527436927,-0.55811472563073
1,443.031577579677,-0.556968422420323
1,445.995097933337,-0.554004902066663
1,448.579109180719,-0.551420890819281
1,449.440470431,-0.550559529569
1,449.619256006554,-0.550380743993446
1,449.694596324116,-0.550305403675884
1,449.736156733707,-0.550263843266293
1,450.295468140393,-0.549704531859607
1,451.943923207,-0.548056076793
1,452.654099231586,-0.547345900768414
1,453.282193373889,-0.546717806626111
1,453.55417355895,-0.54644582644105
1,454.157688189298,-0.545842311810702
1,454.533992055804,-0.545466007944196
1,455.327548738569,-0.544672451261431
1,455.889477394521,-0.544110522605479
1,456.774759758264,-0.543225240241736
1,456.781504675746,-0.543218495324254
1,456.953870970756,-0.543046129029244
1,457.493437128142,-0.542506562871858
1,458.913393551484,-0.541086606448516
1,459.274091152474,-0.540725908847526
1,459.337991429493,-0.540662008570507
1,459.580792114139,-0.540419207885861
1,461.835811147466,-0.538164188852534
1,462.945675710216,-0.537054324289784
1,464.920993568376,-0.535079006431624
1,464.956880686805,-0.535043119313195
1,465.506218466908,-0.534493781533092
1,465.554968453944,-0.534445031546056
1,466.368709597737,-0.533631290402263
1,466.671300074086,-0.533328699925914
1,467.551266215742,-0.532448733784258
1,470.332899689674,-0.529667100310326
1,471.433825371787,-0.528566174628213
1,472.560770995915,-0.527439229004085
1,472.826717048883,-0.527173282951117
1,473.916394636035,-0.526083605363965
1,474.138268223032,-0.525861731776968
1,474.190818984061,-0.525809181015939
1,474.971463344991,-0.525028536655009
1,475.343124056235,-0.524656875943765
1,475.497120991349,-0.524502879008651
1,476.457176636904,-0.523542823363096
1,477.395682409406,-0.522604317590594
1,477.772454824299,-0.522227545175701
1,477.773597277701,-0.522226402722299
1,482.333908742294,-0.517666091257706
1,482.815571455285,-0.517184428544715
1,485.119185829535,-0.514880814170465
1,486.345421383157,-0.513654578616843
1,486.68050263077,-0.51331949736923
1,487.899795873091,-0.512100204126909
1,488.241383153945,-0.511758616846055
1,488.358464092016,-0.511641535907984
1,488.689917651936,-0.511310082348064
1,489.223662577569,-0.510776337422431
1,490.301382541656,-0.509698617458344
1,490.927215246484,-0.509072784753516
1,493.745483504608,-0.506254516495392
1,493.840572843328,-0.506159427156672
1,493.975394079462,-0.506024605920538
1,496.475655026734,-0.503524344973266
1,497.013042727485,-0.502986957272515
1,497.463179007173,-0.502536820992827
1,499.448429839686,-0.500551570160314
1,500.827326672152,-0.499172673327848
1,501.653986005113,-0.498346013994887
1,501.73022611998,-0.49826977388002
1,502.134546916932,-0.497865453083068
1,504.300337657332,-0.495699662342668
1,504.442704282701,-0.495557295717299
1,505.165664386004,-0.494834335613996
1,506.252116616815,-0.493747883383185
1,508.299876749516,-0.491700123250484
1,508.470438839868,-0.491529561160132
1,509.876840468496,-0.490123159531504
1,510.191517230123,-0.489808482769877
1,511.26288161613,-0.48873711838387
1,511.797625664622,-0.488202374335378
1,514.352826634422,-0.485647173365578
1,514.437721902505,-0.485562278097495
1,514.508766075596,-0.485491233924404
1,514.623957313597,-0.485376042686403
1,514.833270618692,-0.485166729381308
1,520.074718585238,-0.479925281414762
1,521.879530511796,-0.478120469488204
1,525.199994212016,-0.474800005787984
1,526.391197601333,-0.473608802398667
1,526.480311062187,-0.473519688937813
1,526.743590831757,-0.473256409168243
1,526.772959763184,-0.473227040236816
1,529.384964471683,-0.470615035528317
1,531.253959145397,-0.468746040854603
1,532.279196660966,-0.467720803339034
1,532.299519423395,-0.467700480576605
1,533.097853371873,-0.466902146628127
1,534.536159876734,-0.465463840123266
1,534.553913585842,-0.465446086414158
1,535.190019570291,-0.464809980429709
1,536.717817559838,-0.463282182440162
1,537.27188273333,-0.46272811726667
1,538.351484853774,-0.461648515146226
1,539.533050730824,-0.460466949269176
1,540.597125375643,-0.459402874624357
1,542.832622537389,-0.457167377462611
1,543.914123997092,-0.456085876002908
1,544.749463209882,-0.455250536790118
1,544.918702216819,-0.455081297783181
1,544.970698095858,-0.455029301904142
1,545.443968847394,-0.454556031152606
1,546.073280042037,-0.453926719957963
1,547.459350945428,-0.452540649054572
1,548.019412532449,-0.451980587467551
1,549.888409301639,-0.450111590698361
1,551.109127886593,-0.448890872113407
1,551.243949960917,-0.448756050039083
1,551.419237768278,-0.448580762231722
1,552.775201294571,-0.447224798705429
1,553.1361985486,-0.4468638014514
1,554.697012435645,-0.445302987564355
1,556.025708373636,-0.443974291626364
1,556.272840825841,-0.443727159174159
1,556.41508884728,-0.44358491115272
1,557.092284597456,-0.442907715402544
1,559.015782596543,-0.440984217403457
1,561.102377343923,-0.438897622656077
1,561.526213306934,-0.438473786693066
1,562.405081000179,-0.437594918999821
1,562.438757810742,-0.437561242189258
1,563.219586573541,-0.436780413426459
1,563.390719890594,-0.436609280109406
1,563.630310725421,-0.436369689274579
1,563.786670099944,-0.436213329900056
1,564.317715214565,-0.435682284785435
1,566.48972784169,-0.43351027215831
1,567.72590642795,-0.43227409357205
1,568.830608157441,-0.431169391842559
1,569.187192758545,-0.430812807241455
1,571.585938800126,-0.428414061199874
1,573.999752150849,-0.426000247849151
1,575.765540031716,-0.424234459968284
1,575.82456539385,-0.42417543460615
1,576.863011950627,-0.423136988049373
1,577.130892546847,-0.422869107453153
1,578.233648417518,-0.421766351582482
1,578.519042162225,-0.421480957837775
1,580.439488729462,-0.419560511270538
1,580.974513571709,-0.419025486428291
1,582.260448392481,-0.417739551607519
1,582.341560069472,-0.417658439930528
1,584.743551583961,-0.415256448416039
1,586.624872684479,-0.413375127315521
1,586.981866322458,-0.413018133677542
1,587.355061341077,-0.412644938658923
1,588.415531348437,-0.411584468651563
1,588.591851806268,-0.411408148193732
1,589.818824129179,-0.410181175870821
1,589.825178030878,-0.410174821969122
1,590.026192413643,-0.409973807586357
1,590.093505382538,-0.409906494617462
1,590.759988641366,-0.409240011358634
1,591.882783966139,-0.408117216033861
1,592.701689619571,-0.407298310380429
1,593.226892128587,-0.406773107871413
1,593.918427219614,-0.406081572780386
1,595.448264526203,-0.404551735473797
1,595.481331134215,-0.404518668865785
1,596.27160965465,-0.40372839034535
1,597.18843982555,-0.40281156017445
1,599.290899420157,-0.400709100579843
1,600.023632403463,-0.399976367596537
1,601.650261832401,-0.398349738167599
1,602.689737686887,-0.397310262313113
1,603.068616474047,-0.396931383525953
1,604.58793323487,-0.39541206676513
1,605.940857483074,-0.394059142516926
1,606.70798602514,-0.39329201397486
1,608.263037353754,-0.391736962646246
1,609.756049606949,-0.390243950393051
1,610.280098766088,-0.389719901233912
1,610.658524511382,-0.389341475488618
1,610.779269598424,-0.389220730401576
1,611.048205476254,-0.388951794523746
1,611.335940705612,-0.388664059294388
1,611.913049826398,-0.388086950173602
1,612.178646354005,-0.387821353645995
1,616.017853887752,-0.383982146112248
1,618.003524653614,-0.381996475346386
1,618.014871235937,-0.381985128764063
1,618.270381400362,-0.381729618599638
1,618.70030304417,-0.38129969695583
1,620.167246321216,-0.379832753678784
1,620.787107758224,-0.379212892241776
1,620.969156827778,-0.379030843172222
1,621.648136666045,-0.378351863333955
1,622.008765954524,-0.377991234045476
1,622.391538135707,-0.377608461864293
1,623.164373496547,-0.376835626503453
1,625.059917010367,-0.374940082989633
1,625.434362608939,-0.374565637391061
1,625.502580404282,-0.374497419595718
1,625.68680876866,-0.37431319123134
1,626.181512046605,-0.373818487953395
1,626.703622052446,-0.373296377947554
1,627.87475832738,-0.37212524167262
1,628.284614114091,-0.371715385885909
1,628.784778621048,-0.371215221378952
1,630.0041556824,-0.3699958443176
1,630.785867059603,-0.369214132940397
1,631.252643093467,-0.368747356906533
1,631.395479943603,-0.368604520056397
1,634.721930837259,-0.365278069162741
1,636.561988666654,-0.363438011333346
1,636.831797100604,-0.363168202899396
1,636.924259550869,-0.363075740449131
1,638.455283734947,-0.361544716265053
1,638.671510852873,-0.361328489147127
1,639.417040487751,-0.360582959512249
1,639.531600987539,-0.360468399012461
1,640.149545902386,-0.359850454097614
1,640.899470169097,-0.359100529830903
1,641.032763803378,-0.358967236196622
1,641.347800986841,-0.358652199013159
1,642.134408233687,-0.357865591766313
1,642.198526859283,-0.357801473140717
1,644.166795536876,-0.355833204463124
1,645.339243579656,-0.354660756420344
1,645.542025705799,-0.354457974294201
1,646.885314118117,-0.353114685881883
1,647.107899328694,-0.352892100671306
1,648.614066140726,-0.351385933859274
1,649.198531638831,-0.350801468361169
1,649.524065898731,-0.350475934101269
1,649.807726265863,-0.350192273734137
1,653.098261961713,-0.346901738038287
1,653.444460546598,-0.346555539453402
1,653.801385452971,-0.346198614547029
1,653.828904079273,-0.346171095920727
1,654.442871781066,-0.345557128218934
1,655.733739770949,-0.344266260229051
1,660.514810029417,-0.339485189970583
1,660.661660972983,-0.339338339027017
1,660.741288634017,-0.339258711365983
1,661.440767673776,-0.338559232326224
1,663.688564440235,-0.336311435559765
1,663.968122284859,-0.336031877715141
1,666.752423299477,-0.333247576700524
1,670.953449513763,-0.329046550486237
1,671.252988558263,-0.328747011441737
1,671.610731538385,-0.328389268461615
0,673.821995360777,-0.326178004639223
1,674.743901612237,-0.325256098387763
1,676.391316065565,-0.323608683934435
1,676.521826488897,-0.323478173511103
1,678.379072668031,-0.321620927331969
1,678.716002544388,-0.321283997455612
1,680.585588980466,-0.319414411019534
1,681.836628681049,-0.318163371318951
1,681.979843135923,-0.318020156864077
1,681.991334306076,-0.318008665693924
1,683.308049570769,-0.316691950429231
1,684.446053858846,-0.315553946141154
0,685.281657101586,-0.314718342898414
1,685.522774700075,-0.314477225299925
1,685.837269574404,-0.314162730425596
1,686.343665607274,-0.313656334392726
1,686.974187986925,-0.313025812013075
1,687.162683578208,-0.312837316421792
1,687.187862815335,-0.312812137184665
1,689.523814572021,-0.310476185427979
1,689.748410601169,-0.310251589398831
1,690.069235488772,-0.309930764511228
1,690.32944412902,-0.30967055587098
1,691.022498439997,-0.308977501560003
1,691.607499541715,-0.308392500458285
1,691.624275501817,-0.308375724498183
1,691.801770264283,-0.308198229735717
1,692.227224353701,-0.307772775646299
1,692.476703319699,-0.307523296680301
1,694.249255815521,-0.305750744184479
1,694.695514626801,-0.305304485373199
1,695.606104470789,-0.304393895529211
1,697.125594737008,-0.302874405262992
1,698.467458644882,-0.301532541355118
1,699.717843299732,-0.300282156700268
1,700.14919070527,-0.29985080929473
1,700.536585506052,-0.299463414493948
1,701.474352832884,-0.298525647167116
1,702.225616946816,-0.297774383053184
1,702.549049863592,-0.297450950136408
1,702.790182130411,-0.297209817869589
1,703.01307705231,-0.29698692294769
1,703.285436099395,-0.296714563900605
1,705.044603534043,-0.294955396465957
1,705.295792408288,-0.294704207591712
1,706.680575432256,-0.293319424567744
1,707.470024982467,-0.292529975017533
1,707.882560882717,-0.292117439117283
1,709.23121413216,-0.29076878586784
1,709.724405314773,-0.290275594685227
1,709.900850243866,-0.290099149756134
1,710.919660516083,-0.289080339483917
1,711.142086051404,-0.288857913948596
1,712.081093061715,-0.287918906938285
1,715.555376838893,-0.284444623161107
1,716.012452915311,-0.283987547084689
1,717.168955225497,-0.282831044774502
1,717.253936408088,-0.282746063591912
1,717.498714802787,-0.282501285197213
1,722.03886192292,-0.27796113807708
1,722.701281635091,-0.277298718364909
1,724.321767548099,-0.275678232451901
1,726.346314419061,-0.273653685580939
1,726.448476826772,-0.273551523173228
1,726.546292798594,-0.273453707201406
1,727.7992175892,-0.2722007824108
1,727.94822184369,-0.27205177815631
1,729.642996564507,-0.270357003435493
1,730.579288257286,-0.269420711742714
1,731.393690314144,-0.268606309685856
1,731.438453448936,-0.268561546551064
1,732.491564983502,-0.267508435016498
1,733.715730626136,-0.266284269373864
1,734.754950832576,-0.265245049167424
1,735.081247007474,-0.264918752992526
1,735.685982042924,-0.264314017957076
1,736.009764904156,-0.263990235095844
1,736.06897382997,-0.26393102617003
1,737.867367314175,-0.262132632685825
1,738.704792782664,-0.261295207217336
1,739.171263296157,-0.260828736703843
1,739.309383649379,-0.260690616350621
1,741.892610350624,-0.258107389649376
1,741.958863846958,-0.258041136153042
1,741.976157808676,-0.258023842191324
1,743.874550750479,-0.256125449249521
1,744.664103817195,-0.255335896182805
1,744.760780688375,-0.255239219311625
1,745.436139963567,-0.254563860036433
1,746.012096991763,-0.253987903008237
1,746.416793717071,-0.253583206282929
1,747.127152467147,-0.252872847532853
1,748.289493611082,-0.251710506388918
1,748.377884132788,-0.251622115867212
1,748.678261367604,-0.251321738632396
1,749.497000640258,-0.250502999359742
1,750.52178427577,-0.24947821572423
1,750.973618309945,-0.249026381690055
1,751.238020416349,-0.248761979583651
1,753.128970228136,-0.246871029771864
1,754.418341210112,-0.245581658789888
1,756.367996614426,-0.243632003385574
1,758.425843110308,-0.241574156889692
1,758.96118269302,-0.24103881730698
1,759.180931467563,-0.240819068532437
1,760.188334388658,-0.239811665611342
1,763.24998838827,-0.23675001161173
0,763.47293946892,-0.23652706053108
1,764.564403239638,-0.235435596760362
1,764.853479573503,-0.235146520426497
1,765.028226329014,-0.234971773670986
1,767.489993385971,-0.232510006614029
1,767.790909577161,-0.232209090422839
1,769.519838038832,-0.230480161961168
1,769.533362239599,-0.230466637760401
1,770.028433483094,-0.229971566516906
1,771.133491862565,-0.228866508137435
1,775.145929446444,-0.224854070553556
1,777.315388945863,-0.222684611054137
1,777.671415312216,-0.222328584687784
1,778.617111919448,-0.221382888080552
1,779.164503421634,-0.220835496578366
1,780.374470120296,-0.219625529879704
0,780.927585205063,-0.219072414794937
1,780.968335922807,-0.219031664077193
1,781.147997407243,-0.218852002592757
1,782.148056104779,-0.217851943895221
1,782.645951630548,-0.217354048369452
1,785.089276405051,-0.214910723594949
1,787.398200295866,-0.212601799704134
1,789.56316919066,-0.21043683080934
1,789.895741315559,-0.210104258684441
1,789.90502092056,-0.21009497907944
1,791.597933182493,-0.208402066817507
1,792.209853185341,-0.207790146814659
1,792.727827560157,-0.207272172439843
1,793.009703420103,-0.206990296579897
1,794.432703731582,-0.205567296268418
1,794.449840532616,-0.205550159467384
1,795.203190064058,-0.204796809935942
1,795.704682264477,-0.204295317735523
1,797.945989342406,-0.202054010657594
1,798.08700773865,-0.20191299226135
1,801.019580848515,-0.198980419151485
1,802.251400845125,-0.197748599154875
1,802.548067830503,-0.197451932169497
1,802.66010412015,-0.19733989587985
1,803.183253062889,-0.196816746937111
1,804.981301212683,-0.195018698787317
1,806.273939879611,-0.193726060120389
1,806.441314751282,-0.193558685248718
1,809.406778030097,-0.190593221969903
1,810.534588666633,-0.189465411333367
1,810.838834149763,-0.189161165850237
1,811.802890058607,-0.188197109941393
0,812.210460938513,-0.187789539061487
1,812.213485967368,-0.187786514032632
1,813.508186163381,-0.186491813836619
1,813.889668369666,-0.186110331630334
1,814.466320257634,-0.185533679742366
1,815.135173918679,-0.184864826081321
0,816.969339270145,-0.183030660729855
1,817.003066372126,-0.182996933627874
1,818.160335626453,-0.181839664373547
1,818.809359380975,-0.181190640619025
1,819.598730141297,-0.180401269858703
1,821.392100350931,-0.178607899649069
1,823.301061196253,-0.176698938803747
1,823.422389244661,-0.176577610755339
1,824.19614661485,-0.17580385338515
1,825.285757565871,-0.174714242434129
1,825.37254630588,-0.17462745369412
1,827.086813561618,-0.172913186438382
1,828.253312129527,-0.171746687870473
0,829.169983882457,-0.170830016117543
1,829.629731271416,-0.170370268728584
1,830.223111761734,-0.169776888238266
1,830.697586154565,-0.169302413845435
1,830.886059533805,-0.169113940466195
1,832.312410511076,-0.167687589488924
1,832.446421217173,-0.167553578782827
1,832.88981593214,-0.16711018406786
1,833.229457773268,-0.166770542226732
1,833.657379075885,-0.166342620924115
1,833.689415967092,-0.166310584032908
1,833.906248258427,-0.166093751741573
1,834.16500389576,-0.16583499610424
1,834.875450655818,-0.165124549344182
1,834.997869189829,-0.165002130810171
1,835.388077795506,-0.164611922204494
1,837.276379344985,-0.162723620655015
1,838.345239218324,-0.161654760781676
1,838.698152964935,-0.161301847035065
1,839.927236689255,-0.160072763310745
1,840.631087310612,-0.159368912689388
1,842.806281708181,-0.157193718291819
1,843.573422404006,-0.156426577595994
1,843.60290071927,-0.15639709928073
1,843.762718467042,-0.156237281532958
1,847.933419793844,-0.152066580206156
1,847.952406900004,-0.152047593099996
1,848.54991924949,-0.15145008075051
1,849.035738967359,-0.150964261032641
1,849.300138978288,-0.150699861021712
1,850.720143178478,-0.149279856821522
0,852.33259042725,-0.14766740957275
1,852.421474223956,-0.147578525776044
1,853.00305467099,-0.14699694532901
0,853.981371130794,-0.146018628869206
1,855.611250223592,-0.144388749776408
1,856.778488913551,-0.143221511086449
1,857.408577529714,-0.142591422470286
1,857.591059524566,-0.142408940475434
1,857.725845556706,-0.142274154443294
1,857.796201575547,-0.142203798424453
1,857.926006661728,-0.142073993338272
1,858.145147329196,-0.141854852670804
1,858.946368843317,-0.141053631156683
1,860.234071826562,-0.139765928173438
1,861.698183696717,-0.138301816303283
1,862.173837004229,-0.137826162995771
1,865.344836283475,-0.134655163716525
0,866.411644266918,-0.133588355733082
1,868.701578537002,-0.131298421462998
1,869.869683496654,-0.130130316503346
1,870.140368677676,-0.129859631322324
1,870.751468930393,-0.129248531069607
1,870.826129475608,-0.129173870524392
1,873.197202244774,-0.126802797755226
0,873.917816253379,-0.126082183746621
1,874.632014334202,-0.125367985665798
1,874.840183928609,-0.125159816071391
1,876.126319076866,-0.123873680923134
1,876.247352501377,-0.123752647498623
1,877.479488076642,-0.122520511923358
1,877.722638705745,-0.122277361294255
1,880.058657936752,-0.119941342063248
1,880.912981322035,-0.119087018677965
1,881.497192010283,-0.118502807989717
1,881.995336478576,-0.118004663521424
1,884.06487153843,-0.11593512846157
0,884.696577023715,-0.115303422976285
1,885.726367589086,-0.114273632410914
1,886.712572257966,-0.113287427742034
1,887.149794120342,-0.112850205879658
1,888.158057024702,-0.111841942975298
1,890.168163971975,-0.109831836028025
0,891.525301383808,-0.108474698616192
0,891.69257148169,-0.10830742851831
1,892.038785154,-0.107961214846
1,892.461867583916,-0.107538132416084
1,892.577693331987,-0.107422306668013
1,892.600687406957,-0.107399312593043
1,894.276120048016,-0.105723879951984
1,894.875184306875,-0.105124815693125
1,896.233249176294,-0.103766750823706
1,896.684935269877,-0.103315064730123
1,897.987770102918,-0.102012229897082
1,898.607377987355,-0.101392622012645
1,898.970824852586,-0.101029175147414
1,899.04865459539,-0.10095134540461
1,900.537256710231,-0.0994627432897687
1,901.398930186406,-0.0986010698135942
1,901.718193106353,-0.0982818068936467
1,902.161097479984,-0.0978389025200158
0,902.543157618493,-0.0974568423815072
1,903.982042893767,-0.0960179571062326
0,905.04514942877,-0.0949548505712301
1,905.320678092539,-0.0946793219074607
1,905.499025713652,-0.0945009742863476
1,905.628062179312,-0.0943719378206879
1,906.818918138742,-0.0931810818612576
1,906.832008576021,-0.0931679914239794
0,907.32230884023,-0.0926776911597699
1,907.763794576749,-0.0922362054232508
1,908.25709681958,-0.0917429031804204
0,910.664347559214,-0.0893356524407864
1,912.278876034543,-0.0877211239654571
1,912.818256951869,-0.0871817430481315
0,914.226961089298,-0.0857730389107019
1,914.420815231279,-0.0855791847687215
1,914.431876828894,-0.085568123171106
1,915.486734732985,-0.0845132652670145
1,916.586645785719,-0.0834133542142808
1,916.877526324242,-0.0831224736757576
1,917.450128914788,-0.0825498710852116
1,922.831509402022,-0.0771684905979782
1,923.17734924145,-0.0768226507585496
0,923.948601679876,-0.0760513983201236
1,924.528644466773,-0.0754713555332273
1,925.04243417643,-0.0749575658235699
1,925.558415334672,-0.0744415846653283
1,926.438081404194,-0.0735619185958058
1,927.752931695431,-0.0722470683045685
1,929.178408021107,-0.0708215919788927
1,929.356279969215,-0.0706437200307846
0,929.950255993754,-0.0700497440062463
1,929.954905435443,-0.0700450945645571
1,931.324301799759,-0.0686756982002407
1,932.476172270253,-0.0675238277297467
1,934.727784479037,-0.0652722155209631
1,935.890424437821,-0.0641095755621791
1,936.521701607853,-0.0634782983921468
1,937.786386208609,-0.0622136137913913
1,938.762600487098,-0.0612373995129019
1,939.700721949339,-0.0602992780506611
1,941.882092971355,-0.0581179070286453
1,942.73755797185,-0.05726244202815
1,944.750430108979,-0.0552495698910207
1,946.843268116936,-0.0531567318830639
1,947.027923539281,-0.0529720764607191
1,948.240348650143,-0.0517596513498575
1,951.504997257143,-0.0484950027428567
1,952.975284913555,-0.0470247150864452
1,954.40641483292,-0.0455935851670802
1,958.169163484126,-0.0418308365158737
1,961.54047306627,-0.0384595269337296
1,962.230814574286,-0.0377691854257137
1,963.475675135851,-0.0365243248641491
1,964.41529947333,-0.0355847005266696
1,966.647087223828,-0.0333529127761722
1,967.001673579216,-0.032998326420784
1,968.24408704415,-0.0317559129558504
1,968.405595840886,-0.0315944041591138
1,968.764457805082,-0.0312355421949178
0,969.464081013575,-0.0305359189864248
1,969.828997645527,-0.0301710023544729
0,970.954881282523,-0.0290451187174767
1,971.85823880136,-0.0281417611986399
1,971.942886803299,-0.0280571131967008
1,972.108428133652,-0.0278915718663484
1,972.732985951006,-0.0272670140489936
1,974.381033657119,-0.0256189663428813
1,974.571136478335,-0.0254288635216653
1,975.136155122891,-0.0248638448771089
1,975.770927546546,-0.0242290724534541
1,975.842926837504,-0.0241570731624961
1,977.19818209298,-0.0228018179070205
1,977.814750280231,-0.0221852497197688
1,979.440743103623,-0.0205592568963766
1,979.667608533055,-0.0203323914669454
1,981.129787117243,-0.0188702128827572
1,981.357662985101,-0.0186423370148987
1,982.72435576655,-0.0172756442334503
1,982.755103940144,-0.0172448960598558
1,986.20851719752,-0.0137914828024805
1,987.27621785365,-0.0127237821463495
0,987.787989201024,-0.0122120107989758
1,987.993027735502,-0.0120069722644985
0,988.484531221911,-0.0115154687780887
1,989.171682158485,-0.0108283178415149
1,990.517767192796,-0.00948223280720413
1,991.306251566857,-0.0086937484331429
1,991.581303719431,-0.00841869628056884
1,991.827144939452,-0.00817285506054759
0,992.051144177094,-0.0079488558229059
1,992.321705305949,-0.00767829469405115
0,993.840645300224,-0.00615935469977558
1,995.274051744491,-0.00472594825550914
1,995.440217945725,-0.00455978205427527
1,995.70714761503,-0.00429285238496959
1,996.282341890037,-0.00371765810996294
1,997.458478808403,-0.00254152119159698
1,998.513185000047,-0.00148681499995291
0,999.841173086315,-0.000158826913684607
1,1001.31266228855,0.00131266228854656
1,1001.92629932426,0.00192629932425916
0,1006.16286941804,0.00616286941803992
1,1006.62917145528,0.00662917145527899
1,1009.89645491354,0.00989645491354168
1,1012.14638571255,0.0121463857125491
1,1012.55710651167,0.0125571065116674
1,1013.22948853485,0.0132294885348529
1,1014.52912944369,0.0145291294436902
1,1015.38365022279,0.0153836502227932
1,1015.97141777165,0.0159714177716523
1,1016.61548363045,0.0166154836304486
1,1016.81390968151,0.0168139096815139
1,1017.37732067704,0.017377320677042
1,1017.62184929103,0.0176218492910266
1,1018.00959529355,0.0180095952935517
1,1020.08750345558,0.0200875034555793
1,1020.71805098094,0.0207180509809405
1,1022.13653051294,0.0221365305129439
1,1022.8678565938,0.0228678565938026
1,1024.31278689764,0.0243127868976444
1,1024.53467515297,0.0245346751529723
0,1026.52034424245,0.0265203442424536
1,1026.70470420271,0.0267047042027116
1,1026.93405277096,0.0269340527709574
1,1027.08234665915,0.0270823466591537
1,1028.04680280387,0.028046802803874
1,1028.44140813686,0.0284414081368595
1,1028.95448454656,0.0289544845465571
1,1029.43195379339,0.0294319537933916
1,1030.4119579494,0.0304119579493999
1,1031.44186418504,0.0314418641850352
1,1031.88939495012,0.0318893949501216
1,1032.12542263791,0.0321254226379096
1,1033.79735918716,0.033797359187156
1,1033.82253423333,0.0338225342333317
0,1035.01139236614,0.0350113923661411
1,1035.65121069551,0.0356512106955051
1,1036.03178933263,0.0360317893326283
0,1036.14254151471,0.0361425415147096
1,1037.20650048926,0.0372065004892647
1,1038.78728426062,0.0387872842606157
1,1039.03769277968,0.0390376927796751
0,1040.64521314576,0.0406452131457627
1,1040.79464362003,0.0407946436200291
1,1040.82465670072,0.0408246567007154
0,1040.96422879957,0.0409642287995666
1,1042.50999926589,0.0425099992658943
0,1042.9359131027,0.0429359131027013
1,1043.18845020607,0.0431884502060711
1,1043.4909820091,0.0434909820090979
1,1046.32020164281,0.0463202016428113
1,1049.62620656006,0.0496262065600604
1,1050.46799522825,0.0504679952282459
1,1050.69808475673,0.050698084756732
0,1051.87782505527,0.0518778250552714
1,1051.96246760897,0.0519624676089734
1,1056.0891924426,0.056089192442596
1,1057.28298751637,0.0572829875163734
1,1057.64213153161,0.0576421315316111
1,1057.76917352341,0.0577691735234112
1,1058.39783009142,0.0583978300914168
1,1058.99644759484,0.0589964475948364
1,1060.24533607997,0.06024533607997
1,1061.32359374315,0.0613235937431455
0,1061.74609237351,0.0617460923735052
1,1062.18617246486,0.0621861724648625
1,1062.84007490613,0.0628400749061257
1,1064.05431092717,0.0640543109271675
1,1064.59627766162,0.0645962776616216
1,1066.4328829851,0.0664328829851002
1,1066.67911731638,0.0666791173163801
1,1066.71216757968,0.0667121675796807
1,1068.72598310001,0.0687259831000119
1,1070.11148864403,0.0701114886440337
1,1072.08362515084,0.0720836251508445
1,1072.30798900127,0.0723079890012741
0,1072.5629535038,0.0725629535038024
0,1074.44444433786,0.0744444443378598
1,1074.5169297792,0.0745169297792017
1,1075.10305992328,0.0751030599232763
1,1075.1350171864,0.0751350171864033
0,1076.53755852953,0.076537558529526
1,1076.69575982727,0.0766957598272711
1,1079.45247767493,0.0794524776749313
1,1080.07475184277,0.080074751842767
1,1082.36302398145,0.082363023981452
0,1082.43549601175,0.0824354960117489
1,1083.8383202441,0.0838383202441037
1,1084.46640726179,0.0844664072617888
1,1084.84322619624,0.0848432261962444
1,1084.92354997434,0.0849235499743372
1,1085.04465129226,0.0850446512922645
1,1086.52521600015,0.0865252160001546
1,1086.77444099449,0.0867744409944862
1,1087.12799889036,0.0871279988903552
1,1087.68243077211,0.0876824307721108
1,1088.21877324954,0.0882187732495368
1,1091.14298541099,0.0911429854109883
0,1093.65162323229,0.0936516232322901
0,1094.36261733063,0.0943626173306256
1,1094.65031232685,0.0946503123268485
1,1094.8832357768,0.0948832357767969
1,1095.16151496209,0.095161514962092
0,1095.44563088566,0.0954456308856606
1,1095.60294789262,0.0956029478926212
1,1097.32773527503,0.0973277352750301
1,1101.00826164708,0.101008261647075
1,1102.04542535357,0.102045425353572
1,1103.34243853576,0.103342438535765
1,1103.95596576855,0.103955965768546
1,1104.40639206208,0.104406392062083
0,1106.22861739248,0.10622861739248
1,1108.04457683116,0.108044576831162
1,1108.61205346882,0.108612053468823
0,1109.21816397458,0.109218163974583
0,1109.6565945074,0.109656594507396
1,1110.77531287447,0.110775312874466
1,1112.17542011291,0.112175420112908
0,1113.48378448747,0.113483784487471
1,1113.60312099569,0.113603120995685
1,1113.87338540517,0.113873385405168
1,1116.36344767176,0.116363447671756
1,1116.46260139532,0.116462601395324
1,1116.77959030494,0.116779590304941
1,1117.7888745442,0.117788874544203
1,1119.37583284453,0.119375832844526
1,1119.63860928081,0.11963860928081
1,1119.71147274598,0.119711472745985
1,1120.44967198744,0.120449671987444
0,1121.33134887554,0.121331348875538
1,1121.34395986795,0.121343959867954
1,1121.73178549856,0.121731785498559
0,1122.4012803752,0.122401280375198
0,1122.54815897904,0.122548158979043
1,1125.73405122384,0.125734051223844
1,1126.60938552581,0.126609385525808
1,1126.80678647012,0.126806786470115
0,1127.47481241822,0.127474812418222
1,1128.02007240243,0.128020072402433
1,1128.17382039502,0.128173820395023
1,1128.38644958101,0.128386449581012
1,1129.78730448522,0.129787304485217
1,1130.51217147149,0.130512171471491
1,1130.80907650292,0.130809076502919
1,1130.81159945577,0.130811599455774
1,1131.12008785829,0.131120087858289
1,1132.67941186205,0.132679411862046
1,1133.63682511263,0.133636825112626
0,1133.96942364052,0.133969423640519
0,1134.07355621457,0.134073556214571
1,1135.65199137665,0.135651991376653
0,1137.54807426594,0.137548074265942
1,1137.91262251325,0.13791262251325
1,1138.19215269759,0.138192152697593
1,1138.40535604395,0.13840535604395
1,1138.67379990406,0.138673799904063
0,1139.34884862974,0.139348848629743
0,1141.03765501641,0.141037655016407
1,1143.16323189996,0.143163231899962
0,1143.76181964763,0.143761819647625
1,1144.07188384794,0.144071883847937
1,1144.33912239037,0.144339122390375
1,1145.0804145541,0.145080414554104
1,1145.46634587459,0.145466345874593
1,1146.54057309963,0.146540573099628
1,1147.29051035829,0.147290510358289
1,1148.05809906684,0.148058099066839
1,1148.86388997547,0.148863889975473
1,1149.27314352244,0.149273143522441
0,1151.92307424732,0.151923074247316
0,1152.44850767776,0.152448507677764
0,1152.50622797757,0.152506227977574
1,1153.71886724606,0.153718867246062
1,1154.39499514177,0.154394995141774
1,1154.73753418773,0.154737534187734
1,1155.16139529645,0.155161395296454
1,1155.23410076275,0.155234100762755
1,1155.25036710314,0.155250367103145
1,1155.43966568075,0.155439665680751
1,1156.22277180664,0.156222771806642
1,1157.58568518795,0.157585685187951
1,1158.44054166228,0.158440541662276
0,1159.93319936097,0.159933199360967
1,1160.1866655983,0.160186665598303
1,1161.57290833071,0.161572908330709
1,1162.48237164691,0.162482371646911
1,1165.3386447113,0.165338644711301
1,1166.66160365567,0.166661603655666
0,1167.2398510389,0.167239851038903
0,1167.52384626307,0.167523846263066
1,1169.51556457207,0.169515564572066
1,1170.98219939508,0.170982199395075
1,1171.71530746855,0.171715307468548
1,1171.99959899299,0.171999598992988
1,1172.08559815772,0.172085598157719
1,1172.1731768921,0.172173176892102
1,1172.24631905556,0.172246319055557
1,1172.81419970095,0.172814199700952
1,1173.62916418351,0.173629164183512
0,1173.87671447359,0.17387671447359
0,1175.01169918105,0.17501169918105
1,1175.6237834692,0.1756237834692
1,1177.74275667034,0.177742756670341
1,1177.95875957236,0.177958759572357
1,1178.35189388134,0.178351893881336
0,1178.93266757019,0.178932667570189
1,1180.39302099496,0.180393020994961
1,1180.57560608722,0.180575606087223
1,1184.43491468206,0.18443491468206
0,1188.06160283275,0.188061602832749
0,1188.52008245885,0.188520082458854
0,1189.54758937471,0.189547589374706
0,1191.17437722161,0.191174377221614
1,1192.59159569629,0.192591595696285
1,1193.22665394284,0.193226653942838
1,1193.61794800498,0.193617948004976
1,1194.14197411388,0.194141974113882
1,1194.14940089919,0.194149400899187
1,1195.40544585325,0.195405445853248
1,1196.15247249603,0.196152472496033
1,1198.34599769674,0.198345997696742
0,1198.46206107177,0.198462061071768
1,1199.24835064448,0.199248350644484
0,1199.55000192858,0.199550001928583
1,1200.87700807489,0.200877008074895
1,1202.57721343078,0.202577213430777
1,1203.16805629991,0.20316805629991
1,1206.49818475358,0.206498184753582
1,1206.53857337311,0.206538573373109
0,1208.11279579066,0.208112795790657
1,1208.53856629692,0.20853856629692
1,1210.85813310929,0.210858133109286
1,1211.42030861229,0.211420308612287
1,1212.13165223598,0.212131652235985
1,1212.56926343776,0.212569263437763
1,1213.61654116772,0.213616541167721
1,1214.55693454482,0.214556934544817
0,1214.97030947357,0.214970309473574
1,1215.23857857101,0.215238578571007
1,1216.55824175104,0.216558241751045
1,1216.63775583729,0.216637755837291
0,1217.1162225306,0.217116222530603
1,1219.03699766845,0.219036997668445
1,1219.11715925671,0.219117159256712
1,1221.53371642344,0.221533716423437
1,1222.02979559079,0.222029795590788
1,1222.65666178428,0.222656661784276
0,1222.98556012101,0.222985560121015
1,1223.41774739325,0.22341774739325
1,1224.03716752306,0.224037167523056
0,1225.01218109392,0.225012181093916
0,1226.23308952898,0.226233089528978
1,1227.34858589247,0.227348585892469
0,1227.38944306038,0.227389443060383
1,1228.18701383658,0.228187013836578
1,1228.45387142152,0.228453871421516
0,1228.63431368023,0.228634313680232
1,1229.42418190651,0.229424181906506
0,1231.54461733066,0.231544617330655
0,1232.14119761251,0.232141197612509
1,1232.93803120032,0.23293803120032
1,1233.87543349527,0.233875433495268
1,1235.2995628491,0.235299562849104
1,1235.72825402953,0.235728254029527
0,1236.88438418321,0.236884384183213
0,1236.88676506281,0.236886765062809
0,1236.98872001842,0.236988720018417
0,1237.47904626653,0.237479046266526
0,1241.26028162427,0.241260281624272
1,1242.52277226187,0.242522772261873
1,1243.37606425397,0.243376064253971
0,1243.43504980206,0.243435049802065
1,1243.55723070912,0.243557230709121
1,1244.04330649413,0.244043306494132
1,1246.23790667392,0.246237906673923
1,1246.88064567745,0.246880645677447
1,1246.96798049845,0.246967980498448
1,1248.17637517117,0.24817637517117
1,1248.53387842886,0.248533878428861
0,1249.32849123143,0.249328491231427
1,1249.57424737513,0.249574247375131
1,1252.34211734496,0.252342117344961
1,1252.72892415524,0.252728924155235
1,1253.25210494921,0.253252104949206
1,1254.14283345453,0.254142833454534
1,1255.2857813891,0.255285781389102
0,1257.16789709404,0.257167897094041
1,1257.62158939615,0.257621589396149
1,1257.97222033143,0.25797222033143
1,1258.08935239911,0.258089352399111
1,1258.82327686995,0.258823276869953
1,1258.89209019952,0.258892090199515
1,1259.02107092552,0.259021070925519
0,1259.16935391724,0.259169353917241
1,1259.71129760146,0.259711297601461
0,1260.42703040875,0.260427030408755
1,1260.79256855883,0.260792568558827
1,1261.22364732437,0.261223647324368
0,1265.5178647954,0.265517864795402
1,1266.64027622901,0.266640276229009
0,1266.81374558248,0.266813745582476
1,1268.42414848506,0.268424148485065
1,1269.47307703085,0.269473077030852
0,1271.42590037547,0.271425900375471
1,1272.39915751852,0.272399157518521
1,1273.35853758268,0.273358537582681
1,1273.52044074796,0.273520440747961
1,1274.25376507454,0.274253765074536
0,1274.29467672482,0.274294676724821
1,1274.5593323838,0.274559332383797
0,1276.54924523085,0.276549245230854
1,1276.90108860843,0.276901088608429
1,1277.15288558975,0.277152885589749
1,1277.18932423741,0.277189324237406
0,1278.14933378249,0.278149333782494
0,1278.55525845662,0.278555258456618
1,1278.84846455418,0.278848464554176
1,1279.56711594015,0.279567115940154
1,1280.19167794846,0.28019167794846
0,1280.76647617854,0.280766476178542
1,1280.96039779484,0.280960397794843
1,1282.93282222003,0.282932822220027
1,1283.94115050323,0.283941150503233
1,1284.41522591747,0.284415225917473
1,1285.06516204216,0.285065162042156
1,1285.67801495083,0.285678014950827
1,1285.97199134529,0.285971991345286
0,1286.64715113118,0.286647151131183
0,1287.24253950641,0.287242539506406
1,1287.9579869099,0.287957986909896
1,1288.30705923028,0.288307059230283
0,1290.9031521529,0.290903152152896
0,1292.86252344027,0.292862523440272
1,1294.17488514446,0.294174885144457
1,1295.00942095183,0.295009420951828
0,1295.15906684101,0.295159066841006
1,1296.57615958713,0.29657615958713
1,1297.47108365409,0.297471083654091
0,1297.90332582779,0.297903325827792
1,1299.83971645124,0.299839716451243
1,1300.11675134301,0.300116751343012
1,1303.0910034664,0.303091003466398
1,1304.23744916916,0.304237449169159
0,1305.05994479172,0.305059944791719
1,1307.3768004775,0.307376800477505
1,1307.80978109688,0.307809781096876
1,1308.47231438383,0.308472314383835
1,1309.84790623188,0.30984790623188
1,1310.3557179682,0.310355717968196
1,1310.40782365017,0.310407823650166
1,1311.2730062101,0.311273006210104
1,1313.41332895681,0.313413328956813
0,1313.76210581511,0.313762105815113
1,1314.08077781089,0.314080777810887
1,1315.14167278074,0.315141672780737
0,1315.6959479209,0.315695947920904
0,1316.62851469591,0.316628514695913
0,1317.34890784137,0.317348907841369
0,1318.81000180729,0.318810001807287
0,1318.89254972339,0.318892549723387
1,1321.23844199814,0.321238441998139
0,1321.2857444305,0.321285744430497
1,1321.74354596063,0.321743545960635
1,1321.79003534839,0.321790035348386
0,1325.06704558618,0.325067045586184
1,1325.09425743483,0.32509425743483
0,1326.58594534732,0.326585945347324
0,1326.99105530046,0.326991055300459
1,1327.14910907671,0.327149109076709
1,1327.87616876885,0.327876168768853
0,1329.09471099265,0.329094710992649
1,1329.47560478933,0.329475604789332
0,1330.20365941338,0.330203659413382
1,1332.35835586675,0.332358355866745
1,1333.31571882591,0.333315718825906
0,1333.39549065568,0.333395490655676
1,1334.09237382002,0.334092373820022
0,1334.47270644829,0.334472706448287
1,1334.70559134148,0.334705591341481
0,1334.89544019103,0.334895440191031
1,1335.90334309265,0.33590334309265
1,1336.34990113787,0.336349901137874
1,1336.6632275749,0.3366632275749
0,1336.66574172676,0.336665741726756
1,1338.68253910914,0.338682539109141
1,1341.0564772319,0.341056477231905
1,1342.24545899779,0.342245458997786
1,1342.30582043529,0.342305820435286
0,1343.04164801724,0.343041648017243
1,1345.47660974786,0.345476609747857
0,1346.76700164564,0.34676700164564
1,1346.86343334615,0.346863433346152
0,1347.08045045845,0.347080450458452
0,1348.08806921355,0.348088069213554
1,1348.86738839559,0.348867388395593
1,1350.0595624093,0.350059562409297
0,1350.26209140196,0.350262091401964
0,1351.1854364071,0.351185436407104
0,1351.84573633596,0.351845736335963
1,1352.37229797058,0.352372297970578
1,1353.49829560146,0.353498295601457
0,1354.30919821374,0.354309198213741
1,1354.32273247279,0.354322732472792
0,1354.70620286651,0.35470620286651
1,1355.89233855717,0.355892338557169
0,1356.09060786664,0.356090607866645
1,1357.22430092283,0.357224300922826
1,1357.41205723025,0.357412057230249
0,1358.65821070038,0.358658210700378
0,1360.43885257095,0.360438852570951
0,1360.56550648063,0.360565506480634
1,1361.79953594692,0.36179953594692
0,1363.30328290351,0.363303282903507
1,1363.54869203642,0.36354869203642
0,1363.88828065246,0.363888280652463
1,1367.30410107411,0.367304101074114
1,1368.04197342135,0.36804197342135
1,1369.71680046991,0.369716800469905
0,1371.34099998511,0.371340999985114
1,1371.83283874765,0.37183283874765
1,1374.08182658255,0.374081826582551
1,1375.6813430693,0.3756813430693
1,1375.74712675996,0.375747126759961
0,1376.51212629862,0.376512126298621
1,1379.47929110378,0.37947929110378
1,1379.57145222463,0.379571452224627
0,1379.63940054178,0.379639400541782
1,1379.65103881434,0.379651038814336
1,1379.77798315696,0.379777983156964
1,1380.1399489399,0.380139948939905
0,1380.52132846788,0.380521328467876
1,1384.51962326653,0.384519623266533
1,1384.95910069905,0.384959100699052
1,1386.37728057802,0.386377280578017
0,1386.58442632295,0.386584426322952
1,1388.29277427867,0.388292774278671
0,1388.55407047085,0.388554070470855
1,1388.93019161187,0.388930191611871
1,1389.56169718876,0.389561697188765
0,1389.63693482801,0.389636934828013
1,1391.02059593424,0.391020595934242
0,1391.0723650828,0.3910723650828
1,1391.19235789403,0.391192357894033
1,1392.8853711579,0.3928853711579
1,1393.84677461348,0.393846774613485
0,1393.9778315369,0.393977831536904
0,1394.53833820298,0.394538338202983
1,1395.46263958327,0.395462639583275
0,1397.01417679898,0.397014176798984
0,1397.71447852254,0.397714478522539
1,1397.91804393753,0.397918043937534
1,1399.29745541885,0.399297455418855
1,1399.46829117835,0.399468291178346
1,1399.69044011086,0.399690440110862
1,1400.74994117022,0.400749941170216
1,1402.18980293721,0.40218980293721
0,1403.60859134234,0.403608591342345
0,1404.42794668488,0.404427946684882
1,1404.51281554997,0.40451281554997
1,1405.82661349326,0.405826613493264
1,1406.46871253848,0.406468712538481
1,1406.99195410125,0.40699195410125
1,1408.23552217335,0.408235522173345
1,1410.05302723497,0.410053027234972
0,1411.23139164411,0.411231391644105
1,1413.2961796131,0.413296179613099
1,1414.67309202999,0.414673092029989
1,1414.87922021188,0.414879220211878
1,1416.23849626631,0.416238496266305
0,1416.79966594093,0.416799665940925
0,1418.12467845157,0.418124678451568
1,1418.68347856216,0.418683478562161
1,1419.80703244917,0.419807032449171
0,1420.32022872008,0.420320228720084
1,1420.50855038688,0.420508550386876
1,1421.01875389926,0.421018753899261
1,1421.43916962668,0.421439169626683
1,1422.53225655295,0.42253225655295
1,1423.09419023804,0.423094190238044
0,1423.70191928931,0.423701919289306
1,1423.7855409272,0.423785540927201
0,1426.27287153155,0.426272871531546
0,1426.51757281274,0.426517572812736
1,1428.54537479579,0.428545374795794
1,1429.65975594707,0.429659755947068
0,1429.98100412078,0.429981004120782
1,1430.06771155633,0.43006771155633
1,1431.38432330452,0.431384323304519
1,1431.66099316441,0.431660993164405
1,1432.15000680648,0.432150006806478
1,1433.32115900703,0.433321159007028
1,1434.36874016188,0.434368740161881
1,1436.00112376735,0.436001123767346
1,1436.35604749434,0.436356047494337
0,1436.58953756094,0.43658953756094
1,1437.35344284214,0.437353442842141
0,1439.37141746283,0.439371417462826
0,1439.65853075497,0.439658530754969
0,1442.07492573187,0.442074925731868
0,1442.18980977312,0.442189809773117
1,1442.22311484627,0.442223114846274
0,1442.33954912052,0.442339549120516
1,1443.45498220064,0.443454982200637
1,1443.55480438098,0.443554804380983
1,1443.85067760013,0.44385067760013
0,1445.50603725947,0.445506037259474
1,1445.51996840164,0.445519968401641
0,1445.72604419664,0.445726044196635
1,1446.0400076583,0.446040007658303
1,1446.33287806064,0.446332878060639
0,1447.66661277972,0.447666612779722
0,1448.24583414011,0.448245834140107
1,1450.52860062569,0.450528600625694
0,1450.53856838495,0.450538568384945
0,1451.21005228721,0.451210052287206
0,1451.71992094256,0.45171992094256
1,1452.09610201418,0.452096102014184
1,1453.44993192703,0.453449931927025
1,1453.7209155038,0.4537209155038
1,1454.38845362514,0.454388453625143
0,1454.58772666752,0.454587726667523
0,1458.32097353414,0.458320973534137
0,1458.97057899274,0.458970578992739
0,1459.11180777475,0.459111807774752
1,1461.4736197982,0.461473619798198
1,1461.82173197158,0.461821731971577
1,1462.28919951245,0.462289199512452
1,1463.4335773997,0.463433577399701
1,1463.91013637185,0.463910136371851
1,1464.33272887953,0.464332728879526
0,1464.61295643821,0.464612956438214
1,1465.746995667,0.465746995666996
0,1467.79060675763,0.467790606757626
1,1469.22083352692,0.469220833526924
0,1469.58248666488,0.469582486664876
1,1470.56901487522,0.470569014875218
0,1472.2657321021,0.472265732102096
0,1473.16401898861,0.473164018988609
1,1473.75112520531,0.473751125205308
0,1474.22586153261,0.474225861532614
1,1474.88697199151,0.474886971991509
0,1476.46846780553,0.476468467805535
1,1477.87591717206,0.477875917172059
1,1477.96178180724,0.477961781807244
1,1478.01945726387,0.478019457263872
0,1479.34255744331,0.479342557443306
0,1480.32165048644,0.480321650486439
1,1481.46590557881,0.481465905578807
1,1481.56618457288,0.481566184572875
0,1482.02627771534,0.48202627771534
1,1482.71937184036,0.482719371840358
1,1483.45737494528,0.483457374945283
1,1483.69362726808,0.483693627268076
1,1484.46940048598,0.484469400485978
1,1484.77822751738,0.484778227517381
1,1485.22664508782,0.485226645087823
1,1486.18066953495,0.486180669534951
1,1487.28355322964,0.487283553229645
1,1487.36402662471,0.487364026624709
1,1488.08744521812,0.488087445218116
0,1489.2271631863,0.489227163186297
1,1489.56825425848,0.489568254258484
1,1489.96027167886,0.489960271678865
0,1491.8625228107,0.491862522810698
0,1491.96445471607,0.491964454716071
0,1493.01174962893,0.493011749628931
1,1493.12851163559,0.493128511635587
1,1493.40338902548,0.49340338902548
0,1493.48562471569,0.493485624715686
1,1495.56823512539,0.495568235125393
0,1495.75939825736,0.49575939825736
1,1496.40940269455,0.496409402694553
0,1497.33897503465,0.497338975034654
0,1497.71806378849,0.497718063788488
0,1497.73813928477,0.497738139284775
0,1498.68792709894,0.498687927098945
1,1499.42551949061,0.499425519490615
0,1499.74511307664,0.499745113076642
0,1502.23793759942,0.502237937599421
0,1502.5101323612,0.502510132361203
0,1502.75679039769,0.502756790397689
0,1503.39260343462,0.503392603434622
1,1503.45850111917,0.503458501119167
1,1505.08191064,0.505081910640001
0,1505.14637124725,0.505146371247247
1,1507.74458353408,0.507744583534077
1,1508.51235371083,0.50851235371083
0,1508.8907811325,0.508890781132504
1,1509.47096766904,0.50947096766904
1,1509.7796509508,0.509779650950804
1,1509.9310352467,0.5099310352467
0,1511.77514488809,0.511775144888088
0,1512.5028654933,0.512502865493298
1,1516.08150186948,0.516081501869485
1,1516.86263531446,0.516862635314465
1,1517.23598875105,0.517235988751054
1,1517.71581456997,0.517715814569965
0,1518.34939718246,0.518349397182465
0,1520.59181276709,0.520591812767088
1,1522.05103086308,0.522051030863076
1,1522.31234884821,0.522312348848209
1,1524.61683996953,0.524616839969531
1,1526.09256496653,0.52609256496653
1,1526.68763441034,0.526687634410337
1,1527.90273837745,0.527902738377452
0,1528.4070330672,0.528407033067197
0,1529.95935399085,0.529959353990853
1,1531.55543012545,0.531555430125445
0,1532.06217819825,0.532062178198248
1,1532.32843060978,0.532328430609778
1,1532.86973894574,0.532869738945738
0,1533.38370299898,0.533383702998981
1,1537.22907123156,0.537229071231559
0,1537.50481237657,0.537504812376574
1,1538.26323798858,0.538263237988576
1,1539.40992215648,0.539409922156483
1,1540.23171495646,0.540231714956462
1,1540.6940955203,0.540694095520303
0,1542.39868042059,0.542398680420592
0,1544.23396517523,0.544233965175226
0,1544.45644812658,0.544456448126584
1,1544.52792773955,0.544527927739546
0,1544.5425524842,0.544542552484199
1,1544.89959767088,0.544899597670883
0,1545.91675712727,0.54591675712727
0,1546.84845469892,0.54684845469892
0,1547.68826398067,0.547688263980672
0,1550.18535531126,0.55018535531126
1,1552.25137374364,0.552251373743638
0,1553.13661587425,0.553136615874246
1,1554.23116502352,0.554231165023521
1,1554.61505912244,0.554615059122443
1,1554.7126730904,0.554712673090398
0,1554.93584796786,0.554935847967863
0,1556.0142648872,0.556014264887199
1,1556.7500803154,0.556750080315396
1,1557.81479827128,0.557814798271284
1,1558.72175623663,0.558721756236628
0,1560.84128892981,0.560841288929805
0,1562.07903912291,0.562079039122909
0,1564.0462860465,0.564046286046505
0,1564.18408243917,0.564184082439169
0,1564.38002409413,0.564380024094135
1,1564.89642979577,0.564896429795772
1,1565.73575125076,0.565735751250759
1,1565.8939525485,0.565893952548504
1,1567.29937223718,0.567299372237176
0,1567.38682817668,0.567386828176677
1,1567.87494705059,0.567874947050586
0,1568.10409612954,0.568104096129537
1,1568.75961166807,0.568759611668065
0,1570.37205765955,0.570372057659551
0,1570.4947238788,0.570494723878801
0,1571.82009094395,0.571820090943947
0,1573.43779825605,0.573437798256055
0,1574.96147109196,0.574961471091956
0,1576.00733186118,0.576007331861183
0,1576.27064851113,0.576270648511127
0,1576.33496327326,0.576334963273257
1,1578.61498887651,0.578614988876507
0,1579.13632816635,0.579136328166351
0,1579.33421358466,0.579334213584662
0,1579.69763656147,0.579697636561468
1,1581.99438573793,0.581994385737926
1,1582.49195688404,0.582491956884041
1,1582.60923060589,0.582609230605885
0,1584.03172129765,0.584031721297652
0,1584.41613004543,0.584416130045429
1,1584.46325142868,0.584463251428679
1,1584.66347036883,0.584663470368832
0,1585.1904858835,0.585190485883504
0,1585.42439420708,0.585424394207075
0,1586.18360771798,0.586183607717976
1,1586.71613056213,0.586716130562127
0,1587.26097480394,0.587260974803939
0,1587.83573783003,0.587835737830028
0,1588.40050166473,0.588400501664728
0,1590.79587105662,0.590795871056616
0,1591.10319227912,0.591103192279115
1,1591.17771117017,0.591177711170167
0,1594.83065688983,0.594830656889826
1,1595.35199827515,0.595351998275146
0,1596.59720207565,0.596597202075645
1,1601.63638843223,0.601636388432235
1,1602.61738835834,0.60261738835834
1,1604.58459421061,0.60458459421061
0,1607.04701002687,0.607047010026872
1,1607.09019652568,0.607090196525678
1,1607.63479308225,0.607634793082252
0,1608.10300786979,0.608103007869795
0,1608.44436758198,0.608444367581978
0,1608.49913242273,0.60849913242273
0,1610.54390063509,0.610543900635093
0,1611.37797040865,0.611377970408648
0,1611.52092586271,0.611520925862715
1,1612.30018176138,0.612300181761384
0,1612.53888327628,0.612538883276284
1,1613.24818716384,0.613248187163845
0,1614.1889912542,0.614188991254196
1,1615.40712444112,0.615407124441117
1,1615.88490507565,0.615884905075654
0,1616.53626025654,0.616536260256544
0,1618.01439588889,0.618014395888895
0,1619.68986373395,0.619689863733947
1,1624.83000634238,0.624830006342381
1,1624.85242709517,0.624852427095175
0,1625.38835927844,0.62538835927844
1,1625.8882983122,0.625888298312202
1,1625.92974347062,0.625929743470624
0,1626.7358080484,0.626735808048397
1,1628.3895089291,0.628389508929104
0,1628.83373764344,0.628833737643436
0,1629.44905105978,0.629449051059783
1,1629.86747566611,0.629867475666106
0,1632.11286431178,0.632112864311784
0,1632.68894874491,0.632688948744908
1,1633.33926876076,0.633339268760756
0,1634.81115316972,0.634811153169721
1,1635.46207919717,0.635462079197168
1,1636.19994944893,0.636199949448928
1,1636.62902032956,0.636629020329565
1,1636.7635473609,0.636763547360897
0,1637.08628709428,0.63708628709428
0,1638.09550050646,0.638095500506461
1,1638.46307210624,0.638463072106242
1,1639.29942552932,0.639299425529316
0,1640.31294765882,0.640312947658822
1,1640.33229267225,0.640332292672247
1,1641.08127104118,0.641081271041185
0,1641.24758727849,0.641247587278485
1,1641.94722725078,0.641947227250785
1,1642.60857324116,0.642608573241159
0,1642.64409742318,0.642644097423181
0,1643.76490078866,0.643764900788665
0,1644.12440229207,0.644124402292073
0,1644.15715332143,0.64415715332143
0,1644.45478045382,0.644454780453816
1,1645.14151103795,0.645141511037946
1,1645.33827537671,0.645338275376707
0,1645.67299745977,0.645672997459769
1,1646.53552882373,0.646535528823733
0,1647.0350864809,0.647035086480901
1,1647.39075158723,0.647390751587227
0,1648.08029262349,0.64808029262349
0,1648.30964496359,0.648309644963592
1,1649.46710700169,0.649467107001692
0,1651.0667831637,0.651066783163696
1,1651.79180856794,0.651791808567941
0,1652.97201909125,0.652972019091248
0,1653.28393108211,0.653283931082115
1,1654.91306544282,0.654913065442815
1,1655.95550136641,0.655955501366407
0,1656.80220392533,0.656802203925327
0,1659.03205838986,0.659032058389857
1,1660.09748042561,0.660097480425611
1,1660.46394938603,0.66046394938603
0,1661.3287480548,0.661328748054802
0,1661.6540488787,0.661654048878699
0,1661.8316010572,0.661831601057202
0,1662.70288228989,0.662702882289886
0,1663.08144927025,0.663081449270248
0,1663.53434654884,0.66353434654884
0,1663.83783933707,0.663837839337066
1,1663.93765858375,0.663937658583745
0,1664.43186481483,0.664431864814833
0,1664.61402159184,0.664614021591842
0,1667.31692971662,0.667316929716617
0,1668.39692872018,0.668396928720176
0,1668.81955936551,0.668819559365511
0,1668.96484540775,0.668964845407754
0,1670.04441567697,0.670044415676966
0,1675.0217305962,0.6750217305962
1,1675.22076223977,0.675220762239769
0,1675.85489302874,0.675854893028736
0,1677.41281515919,0.677412815159187
0,1678.57639808208,0.678576398082077
1,1678.7681450136,0.678768145013601
0,1679.28677652963,0.679286776529625
0,1684.05003817752,0.68405003817752
0,1686.00141732022,0.686001417320222
1,1686.3151025027,0.686315102502704
0,1687.98038214445,0.687980382144451
1,1688.34530841559,0.688345308415592
0,1689.198747091,0.689198747090995
0,1689.45528571494,0.689455285714939
1,1691.35254123248,0.691352541232482
0,1693.02460351028,0.693024603510276
0,1693.22729050182,0.693227290501818
0,1693.62471466884,0.69362471466884
1,1694.82665401883,0.694826654018834
0,1695.47903430648,0.695479034306482
0,1696.40414789319,0.69640414789319
1,1697.36830941401,0.697368309414014
0,1697.75673770346,0.697756737703457
1,1697.83913642168,0.69783913642168
0,1699.16153335944,0.699161533359438
1,1699.89121910185,0.699891219101846
1,1701.9736694172,0.701973669417203
1,1702.67167994753,0.702671679947525
0,1702.69211251289,0.702692112512887
0,1703.57707845978,0.703577078459784
1,1703.5980172921,0.703598017292097
0,1704.4688815251,0.704468881525099
0,1705.36324442364,0.705363244423643
0,1705.66496443935,0.705664964439347
1,1705.86128914729,0.705861289147288
1,1705.91031406075,0.705910314060748
0,1710.26206994429,0.710262069944292
0,1712.05429267138,0.712054292671382
0,1713.5732372757,0.713573237275705
1,1716.70397408307,0.716703974083066
0,1717.94457957149,0.717944579571485
0,1717.97003624961,0.717970036249608
0,1719.41573014483,0.719415730144829
0,1719.44728801027,0.719447288010269
0,1719.45714973845,0.719457149738446
0,1719.89978840575,0.719899788405746
0,1721.1277870927,0.721127787092701
1,1721.33533097804,0.721335330978036
0,1722.18551537953,0.722185515379533
0,1722.21297994256,0.72221297994256
1,1722.38762946799,0.722387629467994
0,1723.73314453289,0.723733144532889
1,1724.19839589857,0.724198395898566
0,1728.06534962729,0.728065349627286
0,1728.12379915267,0.728123799152672
0,1729.68749012798,0.729687490127981
0,1729.96977251023,0.729969772510231
0,1729.98106586747,0.729981065867469
1,1730.31991478056,0.730319914780557
1,1730.35611370578,0.730356113705784
0,1730.74454241432,0.730744542414323
0,1730.90509902686,0.730905099026859
0,1731.50500943884,0.731505009438843
1,1731.5471787937,0.731547178793699
0,1732.08344751038,0.732083447510377
1,1735.8638019301,0.7358638019301
0,1736.09393420629,0.736093934206292
1,1740.10957409628,0.740109574096277
0,1740.16719297506,0.740167192975059
1,1741.07695468701,0.741076954687014
1,1741.21285718866,0.741212857188657
0,1741.50551008061,0.741505510080606
1,1742.05803005025,0.742058030050248
0,1744.27753202617,0.744277532026172
0,1744.62322057225,0.744623220572248
0,1747.31198758818,0.747311987588182
1,1748.77488450147,0.748774884501472
0,1748.85068247095,0.748850682470948
0,1749.57806486636,0.749578064866364
1,1749.96864562854,0.749968645628542
1,1750.14574392699,0.750145743926987
0,1752.27948017418,0.752279480174184
1,1752.75539457798,0.75275539457798
0,1752.81541906297,0.752815419062972
0,1752.87880091928,0.75287880091928
1,1753.32361469045,0.753323614690453
0,1754.09770649858,0.754097706498578
0,1756.26027272083,0.756260272720829
0,1757.94480056502,0.757944800565019
0,1758.30036718398,0.758300367183983
1,1758.96294573322,0.758962945733219
1,1759.96783031151,0.759967830311507
0,1761.82379950769,0.761823799507692
0,1763.7471227441,0.763747122744098
1,1763.84608116932,0.763846081169322
0,1765.2569109574,0.765256910957396
0,1769.14762319066,0.769147623190656
0,1769.22062579542,0.769220625795424
0,1769.31649968028,0.769316499680281
0,1771.85339289717,0.771853392897174
0,1772.30067513883,0.772300675138831
0,1772.57037083618,0.772570370836183
1,1773.68251192383,0.773682511923835
0,1777.39288792945,0.777392887929454
1,1777.8991385363,0.777899138536304
0,1777.94500808232,0.777945008082315
1,1778.27906799503,0.778279067995027
0,1778.73415839858,0.778734158398584
1,1778.93254170194,0.778932541701943
0,1779.33110916056,0.779331109160557
0,1779.8870912753,0.779887091275305
1,1780.65564013086,0.780655640130863
0,1782.13042467833,0.782130424678326
1,1783.46884949133,0.783468849491328
1,1783.52299197577,0.783522991975769
0,1788.63674080931,0.788636740809306
1,1789.37695547938,0.789376955479383
0,1791.14920245484,0.791149202454835
0,1793.95449259318,0.793954492593184
0,1795.26683501899,0.795266835018992
1,1795.93851296231,0.795938512962312
0,1796.94777666591,0.796947776665911
0,1799.48573564179,0.799485735641792
0,1799.79272661731,0.799792726617306
0,1800.4482015036,0.800448201503605
1,1804.56471801735,0.804564718017355
0,1807.1782943327,0.807178294332698
0,1807.30141778477,0.807301417784765
0,1807.33763473108,0.807337634731084
1,1808.12094160356,0.808120941603556
1,1808.31578732468,0.808315787324682
1,1809.44412141107,0.80944412141107
0,1811.93174999207,0.811931749992073
0,1812.63459478505,0.81263459478505
1,1812.999242777,0.812999242777005
1,1813.16114049405,0.813161140494049
1,1813.30788582563,0.813307885825634
0,1813.30824415199,0.813308244151995
1,1813.51053300314,0.813510533003136
0,1814.15504729375,0.814155047293752
0,1814.83587115072,0.814835871150717
0,1815.07943794131,0.815079437941313
1,1815.28346855193,0.815283468551934
1,1816.76903390326,0.816769033903256
1,1816.9433447998,0.816943344799802
0,1817.88607798517,0.817886077985168
1,1818.03352362476,0.818033523624763
1,1818.40282105841,0.818402821058407
0,1819.01409397833,0.81901409397833
0,1819.60694054142,0.819606940541416
0,1820.55664788932,0.820556647889316
0,1820.58161632158,0.820581616321579
1,1821.32208789699,0.821322087896988
0,1821.3788819965,0.821378881996498
0,1822.54754393362,0.822547543933615
0,1823.21634562686,0.823216345626861
0,1824.56398969516,0.824563989695162
1,1825.23255124688,0.825232551246881
1,1825.51027890295,0.825510278902948
1,1825.68987668492,0.825689876684919
0,1825.83519499749,0.825835194997489
0,1826.36136268266,0.826361362682655
1,1826.37540446594,0.826375404465944
1,1827.15958305635,0.827159583056346
0,1828.74182863161,0.82874182863161
0,1829.02633431368,0.829026334313676
1,1829.21593673527,0.829215936735272
0,1830.34361996688,0.830343619966879
0,1831.22949870303,0.831229498703033
1,1831.51390589774,0.831513905897737
0,1831.61900197156,0.831619001971558
0,1833.78291432746,0.833782914327458
1,1834.54882665537,0.834548826655373
1,1834.90240299143,0.834902402991429
0,1835.64162943512,0.835641629435122
1,1839.37876173295,0.839378761732951
1,1839.50056419708,0.839500564197078
1,1840.11031119153,0.840110311191529
0,1840.16623022035,0.840166230220348
0,1840.56074586697,0.840560745866969
1,1842.83818649128,0.842838186491281
0,1843.30583717674,0.84330583717674
1,1846.98382006027,0.846983820060268
0,1847.30668929406,0.847306689294055
0,1849.28797087632,0.849287970876321
1,1851.43529460765,0.851435294607654
1,1854.38842936419,0.854388429364189
1,1854.78662131354,0.854786621313542
1,1854.94314790703,0.854943147907034
0,1855.1541174762,0.855154117476195
0,1858.75634807162,0.85875634807162
0,1858.97907493636,0.85897907493636
0,1859.71244913526,0.859712449135259
0,1859.79639515281,0.859796395152807
0,1860.09387685917,0.860093876859173
0,1860.99047814496,0.860990478144959
1,1862.79320591129,0.862793205911294
1,1862.85356902517,0.862853569025174
0,1863.98201165721,0.863982011657208
0,1864.04963056557,0.864049630565569
1,1864.56711376086,0.864567113760859
0,1864.60498361848,0.864604983618483
0,1864.83054482378,0.864830544823781
1,1864.8463845253,0.864846384525299
0,1865.43054534122,0.865430545341223
0,1867.77006862685,0.867770068626851
0,1868.33863575011,0.868338635750115
0,1868.43625516631,0.868436255166307
0,1870.25385703892,0.870253857038915
0,1870.26295056567,0.870262950565666
0,1873.80119916052,0.873801199160516
1,1874.1938393563,0.874193839356303
0,1875.10345438495,0.875103454384953
0,1875.76431632042,0.875764316320419
0,1877.22456287593,0.877224562875927
0,1878.88510045595,0.878885100455955
0,1880.68014704622,0.880680147046223
0,1883.22122450918,0.88322122450918
0,1883.97922934964,0.883979229349643
0,1884.1360882856,0.884136088285595
1,1884.20775942504,0.884207759425044
0,1884.42094936036,0.884420949360356
0,1885.1641010493,0.885164101049304
0,1885.2880526334,0.885288052633405
0,1886.04006525129,0.886040065251291
1,1888.25055835769,0.888250558357686
0,1888.66441650316,0.888664416503161
0,1889.302990539,0.889302990538999
1,1889.82054288499,0.889820542884991
0,1890.40911258198,0.890409112581983
1,1890.42017627507,0.890420176275075
0,1891.69394518249,0.891693945182487
1,1896.15712799132,0.896157127991319
1,1897.22405876964,0.897224058769643
0,1897.78216234408,0.897782162344083
0,1897.80516815372,0.897805168153718
0,1898.10490165837,0.898104901658371
0,1899.2428066209,0.899242806620896
0,1899.65105811134,0.89965105811134
0,1899.97566365637,0.899975663656369
0,1901.15735693835,0.901157356938347
0,1901.23882358894,0.901238823588937
0,1901.80210550316,0.901802105503157
0,1901.84908104129,0.901849081041291
0,1902.01686662622,0.902016866626218
1,1902.56909532472,0.902569095324725
1,1903.85688631795,0.903856886317953
0,1904.15350301191,0.904153503011912
0,1905.70721784607,0.905707217846066
0,1905.89436562732,0.905894365627319
1,1908.93688751385,0.908936887513846
0,1909.50439851731,0.909504398517311
0,1913.43286912888,0.913432869128883
0,1915.54491468705,0.915544914687052
0,1918.1496355217,0.918149635521695
0,1919.41929226741,0.919419292267412
0,1919.71431472339,0.919714314723387
0,1919.93844765238,0.919938447652385
0,1920.95831488259,0.920958314882591
0,1923.44028567895,0.923440285678953
0,1923.50099999458,0.923500999994576
1,1924.01891737245,0.92401891737245
1,1924.87537395209,0.924875373952091
1,1925.56418995373,0.925564189953729
0,1928.25349341147,0.928253493411466
0,1928.99398133159,0.928993981331587
0,1929.00053807534,0.929000538075343
0,1930.18542695791,0.930185426957905
0,1930.20370034501,0.93020370034501
0,1930.81922959536,0.930819229595363
0,1930.87986889295,0.930879868892953
0,1931.2457205262,0.931245720526203
1,1931.62432899699,0.931624328996986
0,1932.38981049508,0.932389810495079
0,1933.51250733249,0.933512507332489
1,1934.12056914531,0.934120569145307
0,1934.67020574026,0.934670205740258
1,1934.79824685492,0.934798246854916
1,1935.87035178207,0.935870351782069
1,1936.25032189302,0.936250321893021
0,1937.18090634793,0.93718090634793
1,1938.62724858336,0.938627248583362
0,1938.79302251153,0.938793022511527
0,1939.3178998027,0.9393178998027
0,1940.06909350865,0.940069093508646
1,1940.31851505861,0.940318515058607
0,1940.47765010037,0.940477650100365
0,1942.35536362976,0.942355363629758
0,1942.88654369302,0.942886543693021
0,1943.39313083328,0.943393130833283
1,1943.59817733057,0.943598177330568
0,1943.71982933953,0.943719829339534
0,1944.15095085278,0.944150950852782
1,1945.47387752682,0.94547387752682
1,1945.51021642983,0.94551021642983
1,1947.02788866125,0.94702788866125
0,1948.45857224427,0.948458572244272
0,1950.46292250045,0.950462922500446
0,1951.69512261637,0.951695122616366
0,1953.19133549929,0.953191335499287
1,1954.20822841115,0.954208228411153
0,1954.42786989734,0.954427869897336
0,1955.34723685123,0.95534723685123
0,1956.4112033695,0.956411203369498
1,1956.4486164134,0.9564486164134
0,1956.6900269594,0.956690026959404
0,1959.29647320881,0.959296473208815
0,1960.39631594904,0.960396315949038
0,1960.7113443315,0.960711344331503
1,1960.77589127235,0.960775891272351
0,1966.1399836652,0.966139983665198
0,1966.27098903991,0.966270989039913
1,1966.49334123358,0.966493341233581
0,1966.63379091769,0.966633790917695
0,1968.69883537292,0.968698835372925
0,1968.94087665714,0.968940876657143
1,1975.27784607373,0.975277846073732
1,1976.38843944296,0.976388439442962
1,1976.39057808556,0.976390578085557
0,1977.87897107191,0.977878971071914
0,1978.09084546752,0.978090845467523
0,1978.35977044888,0.978359770448878
0,1979.53481939621,0.979534819396213
0,1980.85235818289,0.980852358182892
1,1981.09612446278,0.981096124462783
0,1984.92029653862,0.984920296538621
0,1985.74794032611,0.98574794032611
0,1986.03464919142,0.986034649191424
1,1988.56334029697,0.988563340296969
0,1990.31622800976,0.99031622800976
0,1992.02930838801,0.99202930838801
0,1993.20195172913,0.993201951729134
0,1993.51885933429,0.99351885933429
1,1994.92827425711,0.994928274257109
1,1996.19930018671,0.996199300186709
1,1996.26492797397,0.996264927973971
0,1997.59220862761,0.997592208627611
