Sample,Intensity,Prevalence,Year,Depth,Weight,Length,Sex,Stage,Age,Area,WL2
1,0,0,1999,220,148,26,0,0,0,2,19.24
2,0,0,1999,220,144,26,0,0,0,2,18.72
3,0,0,1999,220,146,27,0,0,0,2,19.71
4,0,0,1999,220,138,26,0,0,0,2,17.94
5,0,0,1999,220,40,17,0,0,0,2,3.4
6,0,0,1999,220,68,20,0,0,0,2,6.8
7,0,0,1999,220,52,19,0,0,0,2,4.94
8,0,0,1999,194,3848,77,0,0,0,3,1481.48
9,0,0,1999,194,2576,67,0,0,0,3,862.96
10,0,0,1999,194,1972,60,0,0,0,3,591.6
11,0,0,1999,194,2272,62,0,0,0,3,704.32
12,0,0,1999,194,1046,49,0,0,0,3,256.27
13,0,0,1999,194,1186,52,0,0,0,3,308.36
14,0,0,1999,194,776,45,0,0,0,3,174.6
15,0,0,1999,194,2372,61,0,0,0,3,723.46
16,0,0,1999,194,1194,54,0,0,0,3,322.38
17,0,0,1999,194,3574,71,0,0,0,3,1268.77
18,0,0,1999,194,2138,65,0,0,0,3,694.85
19,0,0,1999,194,2222,59,0,0,0,3,655.49
20,0,0,1999,194,2482,62,0,0,0,3,769.42
21,0,0,1999,194,2164,61,0,0,0,3,660.02
22,0,0,1999,194,1772,57,0,0,0,3,505.02
23,0,0,1999,194,494,39,0,0,0,3,96.33
24,0,0,1999,194,3130,67,0,0,0,3,1048.55
25,0,0,1999,194,2708,65,0,0,0,3,880.1
26,0,0,1999,194,2394,66,0,0,0,3,790.02
27,0,0,1999,194,2212,64,0,0,0,3,707.84
28,0,0,1999,194,3110,65,0,0,0,3,1010.75
29,0,0,1999,194,2218,62,0,0,0,3,687.58
30,0,0,1999,194,2222,60,0,0,0,3,666.6
31,0,0,1999,194,2398,62,0,0,0,3,743.38
32,0,0,1999,235,368,35,0,0,0,4,64.4
33,0,0,1999,235,306,34,0,0,0,4,52.02
34,0,0,1999,235,318,35,0,0,0,4,55.65
35,0,0,1999,235,276,32,0,0,0,4,44.16
36,0,0,1999,278,84,22,0,0,0,4,9.24
37,0,0,1999,51,1016,47,2,1,3,1,238.76
38,0,0,1999,51,1584,53,1,1,5,1,419.76
39,0,0,1999,51,1354,55,1,1,4,1,372.35
40,0,0,1999,51,1518,52,1,1,4,1,394.68
41,0,0,1999,51,1382,51,2,1,4,1,352.41
42,0,0,1999,51,1648,55,1,1,4,1,453.2
43,0,0,1999,51,1354,51,2,1,5,1,345.27
44,0,0,1999,51,1870,54,2,1,5,1,504.9
45,0,0,1999,51,1272,53,2,1,5,1,337.08
46,0,0,1999,51,1360,50,1,1,4,1,340
47,0,0,1999,51,936,45,2,1,3,1,210.6
48,0,0,1999,51,1650,55,2,1,5,1,453.75
49,0,0,1999,51,1504,53,1,1,5,1,398.56
50,0,0,1999,51,1008,48,2,1,3,1,241.92
51,0,0,1999,51,896,46,2,1,3,1,206.08
52,0,0,1999,51,3016,68,1,1,5,1,1025.44
53,0,0,1999,85,470,37,1,1,2,1,86.95
54,0,0,1999,85,520,38,1,1,2,1,98.8
55,0,0,1999,85,470,38,1,1,2,1,89.3
56,0,0,1999,85,558,39,2,1,3,1,108.81
57,0,0,1999,85,3076,68,2,1,5,1,1045.84
58,0,0,1999,85,1536,57,2,1,4,1,437.76
59,0,0,1999,85,1916,60,2,1,4,1,574.8
60,0,0,1999,85,320,32,1,1,2,1,51.2
61,0,0,1999,85,1152,49,1,1,4,1,282.24
62,0,0,1999,85,1284,54,1,1,5,1,346.68
63,0,0,1999,85,4712,80,1,1,7,1,1884.8
64,0,0,1999,85,2182,60,2,1,4,1,654.6
65,0,0,1999,85,976,49,1,1,3,1,239.12
66,0,0,1999,85,408,36,1,1,2,1,73.44
67,0,0,1999,85,242,30,2,1,2,1,36.3
68,0,0,1999,85,644,41,2,1,3,1,132.02
69,0,0,1999,85,540,39,2,1,2,1,105.3
70,0,0,1999,85,326,33,1,1,2,1,53.79
71,0,0,1999,85,300,33,1,1,2,1,49.5
72,0,0,1999,85,232,29,2,1,2,1,33.64
73,0,0,1999,85,822,45,1,1,3,1,184.95
74,0,0,1999,85,692,43,1,1,3,1,148.78
75,0,0,1999,85,438,36,2,1,2,1,78.84
76,0,0,1999,85,406,35,2,1,2,1,71.05
77,0,0,1999,85,240,30,2,1,2,1,36
78,0,0,1999,85,358,34,1,1,2,1,60.86
79,0,0,1999,137,476,38,2,1,3,1,90.44
80,0,0,1999,137,1478,55,1,1,4,1,406.45
81,0,0,1999,137,1672,57,1,1,5,1,476.52
82,0,0,1999,137,1582,56,2,1,3,1,442.96
83,0,0,1999,137,390,35,2,1,2,1,68.25
84,0,0,1999,150,1816,59,1,1,5,2,535.72
85,0,0,1999,150,3888,71,1,1,5,2,1380.24
86,0,0,1999,150,1986,58,1,1,4,2,575.94
87,0,0,1999,150,2524,66,1,1,5,2,832.92
88,0,0,1999,150,1712,59,2,1,4,2,505.04
89,0,0,1999,150,1968,58,2,1,4,2,570.72
90,0,0,1999,150,2764,64,1,1,5,2,884.48
91,0,0,1999,150,3412,69,1,1,5,2,1177.14
92,0,0,1999,150,2294,63,1,1,5,2,722.61
93,0,0,1999,150,552,38,1,1,2,2,104.88
94,0,0,1999,150,1422,54,2,1,4,2,383.94
95,0,0,1999,150,1028,47,2,1,3,2,241.58
96,0,0,1999,150,466,38,2,1,2,2,88.54
97,0,0,1999,150,432,35,1,1,2,2,75.6
98,0,0,1999,150,300,31,2,1,2,2,46.5
99,0,0,1999,150,2706,67,1,1,5,2,906.51
100,0,0,1999,150,1154,52,1,1,3,2,300.04
101,0,0,1999,150,1146,52,1,1,4,2,297.96
102,0,0,1999,100,2352,64,1,1,6,2,752.64
103,0,0,1999,100,2084,60,2,1,4,2,625.2
104,0,0,1999,100,1008,48,2,1,3,2,241.92
105,0,0,1999,100,3970,73,2,1,5,2,1449.05
106,0,0,1999,100,1738,55,2,1,5,2,477.95
107,0,0,1999,100,844,45,2,1,3,2,189.9
108,0,0,1999,100,3688,74,1,1,6,2,1364.56
109,0,0,1999,100,2848,67,1,1,5,2,954.08
110,0,0,1999,100,1090,47,2,1,3,2,256.15
111,0,0,1999,292,826,49,2,1,3,2,202.37
112,0,0,1999,220,2086,61,1,1,5,2,636.23
113,0,0,1999,220,1744,58,2,1,5,2,505.76
114,0,0,1999,220,2118,60,1,1,5,2,635.4
115,0,0,1999,220,750,45,2,1,3,2,168.75
116,0,0,1999,220,1570,58,2,1,5,2,455.3
117,0,0,1999,220,326,33,2,1,2,2,53.79
118,0,0,1999,220,4292,77,1,1,6,2,1652.42
119,0,0,1999,220,220,30,1,1,2,2,33
120,0,0,1999,220,262,32,2,1,2,2,41.92
121,0,0,1999,220,184,28,1,1,2,2,25.76
122,0,0,1999,220,180,28,1,1,2,2,25.2
123,0,0,1999,220,976,48,1,1,3,2,234.24
124,0,0,1999,220,1344,52,2,1,4,2,349.44
125,0,0,1999,220,2926,67,1,1,5,2,980.21
126,0,0,1999,220,544,41,1,1,3,2,111.52
127,0,0,1999,220,774,44,2,1,3,2,170.28
128,0,0,1999,220,452,37,2,1,2,2,83.62
129,0,0,1999,220,258,32,1,1,2,2,41.28
130,0,0,1999,220,190,29,2,1,2,2,27.55
131,0,0,1999,220,266,32,1,1,2,2,42.56
132,0,0,1999,220,196,29,1,1,0,2,28.42
133,0,0,1999,99,1846,59,1,1,4,3,544.57
134,0,0,1999,99,1312,53,2,1,4,3,347.68
135,0,0,1999,99,3302,73,2,1,5,3,1205.23
136,0,0,1999,99,1258,50,2,1,4,3,314.5
137,0,0,1999,99,1848,57,1,1,6,3,526.68
138,0,0,1999,99,1246,51,2,1,4,3,317.73
139,0,0,1999,99,2038,59,2,1,4,3,601.21
140,0,0,1999,99,4738,77,1,1,6,3,1824.13
141,0,0,1999,99,1248,51,2,1,4,3,318.24
142,0,0,1999,99,1072,48,1,1,3,3,257.28
143,0,0,1999,99,854,46,2,1,3,3,196.42
144,0,0,1999,99,2168,62,2,1,4,3,672.08
145,0,0,1999,99,1108,50,2,1,4,3,277
146,0,0,1999,99,1122,50,1,1,4,3,280.5
147,0,0,1999,99,2050,61,1,1,4,3,625.25
148,0,0,1999,99,1168,51,2,1,4,3,297.84
149,0,0,1999,99,1334,53,2,1,4,3,353.51
150,0,0,1999,99,964,47,2,1,3,3,226.54
151,0,0,1999,99,678,41,2,1,2,3,138.99
152,0,0,1999,99,1076,49,2,1,4,3,263.62
153,0,0,1999,99,1238,52,1,1,4,3,321.88
154,0,0,1999,99,1824,58,1,1,4,3,528.96
155,0,0,1999,99,860,44,1,1,3,3,189.2
156,0,0,1999,99,1260,50,2,1,4,3,315
157,0,0,1999,99,1154,52,1,1,4,3,300.04
158,0,0,1999,99,936,43,1,1,3,3,201.24
159,0,0,1999,99,1598,55,2,1,4,3,439.45
160,0,0,1999,99,2500,65,2,1,5,3,812.5
161,0,0,1999,99,1942,59,1,1,4,3,572.89
162,0,0,1999,270,770,47,2,1,4,3,180.95
163,0,0,1999,270,538,40,2,1,3,3,107.6
164,0,0,1999,270,3862,78,1,1,6,3,1506.18
165,0,0,1999,270,878,48,2,1,4,3,210.72
166,0,0,1999,270,1438,55,1,1,4,3,395.45
167,0,0,1999,270,1592,59,2,1,5,3,469.64
168,0,0,1999,270,1250,53,2,1,4,3,331.25
169,0,0,1999,270,1226,51,1,1,4,3,312.63
170,0,0,1999,270,1326,53,1,1,4,3,351.39
171,0,0,1999,270,1104,49,2,1,4,3,270.48
172,0,0,1999,270,1982,63,2,1,5,3,624.33
173,0,0,1999,270,2480,64,1,1,5,3,793.6
174,0,0,1999,270,1142,51,2,1,4,3,291.21
175,0,0,1999,270,488,39,1,1,4,3,95.16
176,0,0,1999,270,1382,55,1,1,4,3,380.05
177,0,0,1999,256,1714,59,2,1,4,3,505.63
178,0,0,1999,256,754,45,1,1,4,3,169.65
179,0,0,1999,256,1618,61,1,1,5,3,493.49
180,0,0,1999,256,2122,64,2,1,5,3,679.04
181,0,0,1999,256,604,38,1,1,3,3,114.76
182,0,0,1999,256,2780,65,1,1,6,3,903.5
183,0,0,1999,256,2318,64,1,1,4,3,741.76
184,0,0,1999,256,1344,53,1,1,4,3,356.16
185,0,0,1999,256,1674,60,2,1,8,3,502.2
186,0,0,1999,256,1144,53,1,1,7,3,303.16
187,0,0,1999,256,1052,51,2,1,3,3,268.26
188,0,0,1999,172,2034,57,2,1,5,3,579.69
189,0,0,1999,172,674,42,2,1,3,3,141.54
190,0,0,1999,172,862,47,1,1,3,3,202.57
191,0,0,1999,172,612,40,1,1,3,3,122.4
192,0,0,1999,172,2528,64,2,1,4,3,808.96
193,0,0,1999,172,1516,55,1,1,4,3,416.9
194,0,0,1999,172,906,47,1,1,4,3,212.91
195,0,0,1999,172,434,38,2,1,3,3,82.46
196,0,0,1999,172,182,29,1,1,2,3,26.39
197,0,0,1999,172,230,31,1,1,2,3,35.65
198,0,0,1999,172,200,29,1,1,2,3,29
199,0,0,1999,172,222,29,1,1,2,3,32.19
200,0,0,1999,172,238,30,2,1,2,3,35.7
201,0,0,1999,172,176,28,2,1,2,3,24.64
202,0,0,1999,172,198,30,1,1,2,3,29.7
203,0,0,1999,172,168,29,1,1,2,3,24.36
204,0,0,1999,172,170,28,1,1,2,3,23.8
205,0,0,1999,172,204,30,2,1,2,3,30.6
206,0,0,1999,235,2496,68,1,1,6,4,848.64
207,0,0,1999,235,1198,50,2,1,3,4,299.5
208,0,0,1999,235,3678,75,1,1,5,4,1379.25
209,0,0,1999,235,1036,50,1,1,4,4,259
210,0,0,1999,235,2898,73,1,1,5,4,1057.77
211,0,0,1999,278,582,40,1,1,3,4,116.4
212,0,0,1999,278,986,48,2,1,4,4,236.64
213,0,0,1999,278,662,44,2,1,3,4,145.64
214,0,0,1999,278,270,33,1,1,2,4,44.55
215,0,0,1999,278,980,49,2,1,3,4,240.1
216,0,0,1999,278,1330,52,1,1,4,4,345.8
217,0,0,1999,278,364,36,2,1,2,4,65.52
218,0,0,1999,110,3190,68,2,1,6,4,1084.6
219,0,0,1999,110,626,42,1,1,3,4,131.46
220,0,0,1999,110,788,46,1,1,3,4,181.24
221,0,0,1999,110,968,51,2,1,5,4,246.84
222,0,0,1999,110,1322,54,1,1,4,4,356.94
223,0,0,1999,110,1400,54,2,1,4,4,378
224,0,0,1999,110,942,48,2,1,4,4,226.08
225,0,0,1999,110,1104,53,2,1,4,4,292.56
226,0,0,1999,110,500,40,1,1,3,4,100
227,0,0,1999,110,296,33,2,1,2,4,48.84
228,0,0,1999,110,168,29,1,1,2,4,24.36
229,0,0,1999,110,370,36,1,1,3,4,66.6
230,0,0,1999,51,1544,53,2,2,4,1,409.16
231,0,0,1999,51,1520,53,2,2,4,1,402.8
232,0,0,1999,51,1912,58,1,2,6,1,554.48
233,0,0,1999,51,1144,49,2,2,4,1,280.28
234,0,0,1999,51,1472,51,2,2,4,1,375.36
235,0,0,1999,51,1418,51,2,2,5,1,361.59
236,0,0,1999,51,1330,49,2,2,3,1,325.85
237,0,0,1999,85,948,47,2,2,3,1,222.78
238,0,0,1999,200,2292,65,1,2,6,1,744.9
239,0,0,1999,200,2562,63,1,2,6,1,807.03
240,0,0,1999,100,1708,55,2,2,5,2,469.7
241,0,0,1999,100,1670,55,2,2,5,2,459.25
242,0,0,1999,100,1740,57,2,2,5,2,495.9
243,0,0,1999,100,2396,62,2,2,5,2,742.76
244,0,0,1999,220,3484,68,2,2,6,2,1184.56
245,0,0,1999,99,2896,64,2,2,7,3,926.72
246,0,0,1999,99,1712,55,2,2,4,3,470.8
247,0,0,1999,99,1778,57,1,2,5,3,506.73
248,0,0,1999,99,1800,55,2,2,4,3,495
249,0,0,1999,99,4086,77,1,2,9,3,1573.11
250,0,0,1999,99,1772,57,2,2,5,3,505.02
251,0,0,1999,99,2140,62,1,2,5,3,663.4
252,0,0,1999,99,1116,49,2,2,4,3,273.42
253,0,0,1999,99,1844,56,2,2,7,3,516.32
254,0,0,1999,99,1344,51,2,2,5,3,342.72
255,0,0,1999,270,1110,54,1,2,5,3,299.7
256,0,0,1999,270,2228,63,2,2,6,3,701.82
257,0,0,1999,270,1864,58,2,2,5,3,540.56
258,0,0,1999,270,1266,51,2,2,4,3,322.83
259,0,0,1999,270,1082,49,2,2,4,3,265.09
260,0,0,1999,256,2958,63,2,2,5,3,931.77
261,0,0,1999,256,3198,66,1,2,5,3,1055.34
262,0,0,1999,256,2490,61,2,2,5,3,759.45
263,0,0,1999,256,3618,70,2,2,5,3,1266.3
264,0,0,1999,256,3034,68,2,2,4,3,1031.56
265,0,0,1999,172,2244,62,2,2,7,3,695.64
266,0,0,1999,172,1754,55,1,2,5,3,482.35
267,0,0,1999,172,178,28,1,2,2,3,24.92
268,0,0,1999,235,1578,54,2,2,4,4,426.06
269,0,0,1999,278,2130,59,2,2,5,4,628.35
270,0,0,1999,110,1304,50,1,2,4,4,326
271,0,0,1999,110,4098,74,2,2,8,4,1516.26
272,0,0,1999,110,6390,88,1,2,8,4,2811.6
273,0,0,1999,150,7854,90,1,4,7,2,3534.3
274,0,0,1999,150,,,1,4,8,2,0
275,0,0,1999,100,6916,86,1,4,9,2,2973.88
276,0,0,1999,100,2980,65,1,4,7,2,968.5
277,0,0,1999,220,4018,72,1,4,6,2,1446.48
278,0,0,1999,270,2552,63,1,4,5,3,803.88
279,0,0,2000,57,1474,51,1,1,6,1,375.87
280,0,0,2000,57,1608,57,2,1,6,1,458.28
281,0,0,2000,57,830,47,1,1,3,1,195.05
282,0,0,2000,50,992,48,2,1,3,1,238.08
283,0,0,2000,121,552,40,1,1,2,1,110.4
284,0,0,2000,121,1744,58,1,1,4,1,505.76
285,0,0,2000,121,668,42,1,1,2,1,140.28
286,0,0,2000,121,448,36,1,1,2,1,80.64
287,0,0,2000,121,410,36,1,1,2,1,73.8
288,0,0,2000,121,1222,51,1,1,3,1,311.61
289,0,0,2000,102,1538,54,1,1,4,2,415.26
290,0,0,2000,102,2820,62,1,1,6,2,874.2
291,0,0,2000,102,1116,49,2,1,3,2,273.42
292,0,0,2000,102,4058,75,2,1,6,2,1521.75
293,0,0,2000,102,544,40,1,1,2,2,108.8
294,0,0,2000,102,398,35,2,1,2,2,69.65
295,0,0,2000,102,514,39,2,1,2,2,100.23
296,0,0,2000,102,1124,48,2,1,4,2,269.76
297,0,0,2000,102,1038,48,1,1,3,2,249.12
298,0,0,2000,102,1470,53,2,1,4,2,389.55
299,0,0,2000,102,4348,75,1,1,6,2,1630.5
300,0,0,2000,102,440,36,2,1,2,2,79.2
301,0,0,2000,102,1984,59,2,1,6,2,585.28
302,0,0,2000,102,1966,61,1,1,4,2,599.63
303,0,0,2000,102,1094,49,2,1,4,2,268.03
304,0,0,2000,102,986,46,2,1,3,2,226.78
305,0,0,2000,293,3370,71,2,1,6,2,1196.35
306,0,0,2000,293,920,46,2,1,3,2,211.6
307,0,0,2000,293,2394,66,2,1,7,2,790.02
308,0,0,2000,237,986,47,1,1,4,2,231.71
309,0,0,2000,237,1712,59,1,1,4,2,505.04
310,0,0,2000,237,506,39,2,1,3,2,98.67
311,0,0,2000,237,844,44,2,1,3,2,185.68
312,0,0,2000,237,292,31,1,1,2,2,45.26
313,0,0,2000,237,1364,52,2,1,4,2,354.64
314,0,0,2000,237,1056,50,1,1,3,2,264
315,0,0,2000,237,1746,56,2,1,5,2,488.88
316,0,0,2000,285,3618,77,2,1,5,3,1392.93
317,0,0,2000,285,1546,55,1,1,4,3,425.15
318,0,0,2000,285,3388,70,2,1,5,3,1185.8
319,0,0,2000,285,1328,55,2,1,5,3,365.2
320,0,0,2000,285,358,34,1,1,2,3,60.86
321,0,0,2000,285,1346,55,2,1,6,3,370.15
322,0,0,2000,285,4500,79,2,1,7,3,1777.5
323,0,0,2000,285,1994,61,1,1,4,3,608.17
324,0,0,2000,285,930,47,2,1,4,3,218.55
325,0,0,2000,285,454,38,1,1,2,3,86.26
326,0,0,2000,285,1694,58,2,1,5,3,491.26
327,0,0,2000,285,1394,55,1,1,5,3,383.35
328,0,0,2000,285,922,49,1,1,4,3,225.89
329,0,0,2000,285,2196,62,1,1,5,3,680.76
330,0,0,2000,285,1734,59,2,1,5,3,511.53
331,0,0,2000,285,932,52,1,1,5,3,242.32
332,0,0,2000,285,3724,80,2,1,8,3,1489.6
333,0,0,2000,285,1352,57,2,1,5,3,385.32
334,0,0,2000,285,2152,59,2,1,5,3,634.84
335,0,0,2000,285,1468,56,2,1,5,3,411.04
336,0,0,2000,285,2490,67,1,1,5,3,834.15
337,0,0,2000,285,1222,53,2,1,4,3,323.83
338,0,0,2000,285,208,30,1,1,2,3,31.2
339,0,0,2000,270,1404,55,1,1,4,4,386.1
340,0,0,2000,270,2366,59,2,1,5,4,697.97
341,0,0,2000,270,794,44,1,1,3,4,174.68
342,0,0,2000,260,314,33,1,1,2,4,51.81
343,0,0,2000,260,456,38,2,1,3,4,86.64
344,0,0,2000,260,508,41,2,1,2,4,104.14
345,0,0,2000,146,2858,67,2,1,6,3,957.43
346,0,0,2000,146,246,29,1,1,2,3,35.67
347,0,0,2000,146,276,32,2,1,2,3,44.16
348,0,0,2000,50,1370,51,2,2,5,1,349.35
349,0,0,2000,121,2882,67,1,2,6,1,965.47
350,0,0,2000,121,1950,60,2,2,6,1,585
351,0,0,2000,121,2428,63,2,2,5,1,764.82
352,0,0,2000,293,1622,54,2,2,5,2,437.94
353,0,0,2000,293,4672,81,1,2,6,2,1892.16
354,0,0,2000,285,4228,76,2,2,6,3,1606.64
355,0,0,2000,285,3174,73,2,2,7,3,1158.51
356,0,0,2000,285,2262,64,2,2,5,3,723.84
357,0,0,2000,285,4498,79,2,2,6,3,1776.71
358,0,0,2000,121,4434,77,1,4,6,1,1707.09
359,0,0,2000,121,5476,78,1,4,10,1,2135.64
360,0,0,2000,102,,,1,4,9,2,0
361,0,0,2000,102,2014,56,1,4,6,2,563.92
362,0,0,2000,102,4334,80,1,4,6,2,1733.6
363,0,0,2000,146,1886,57,1,4,5,3,537.51
364,0,0,2000,146,6450,91,1,4,9,3,2934.75
365,0,0,2001,193,34,17,0,0,1,3,2.89
366,0,0,2001,55,854,43,1,1,4,1,183.61
367,0,0,2001,55,1884,58,1,1,6,1,546.36
368,0,0,2001,55,1332,51,1,1,6,1,339.66
369,0,0,2001,55,1770,55,1,1,4,1,486.75
370,0,0,2001,55,1916,57,2,1,4,1,546.06
371,0,0,2001,55,1430,53,1,1,3,1,378.95
372,0,0,2001,55,1146,50,1,1,4,1,286.5
373,0,0,2001,55,1824,57,1,1,6,1,519.84
374,0,0,2001,55,1174,49,2,1,3,1,287.63
375,0,0,2001,55,1320,49,2,1,3,1,323.4
376,0,0,2001,55,1226,51,1,1,5,1,312.63
377,0,0,2001,90,1818,60,1,1,5,1,545.4
378,0,0,2001,90,956,47,1,1,4,1,224.66
379,0,0,2001,90,366,33,1,1,2,1,60.39
380,0,0,2001,90,278,30,1,1,2,1,41.7
381,0,0,2001,90,270,31,1,1,2,1,41.85
382,0,0,2001,112,1026,47,1,1,3,1,241.11
383,0,0,2001,112,1158,49,1,1,3,1,283.71
384,0,0,2001,112,354,35,1,1,2,1,61.95
385,0,0,2001,112,958,46,2,1,3,1,220.34
386,0,0,2001,112,268,31,1,1,2,1,41.54
387,0,0,2001,112,576,40,2,1,3,1,115.2
388,0,0,2001,112,2174,60,2,1,5,1,652.2
389,0,0,2001,112,500,36,1,1,2,1,90
390,0,0,2001,112,856,45,1,1,3,1,192.6
391,0,0,2001,112,640,40,1,1,2,1,128
392,0,0,2001,112,172,26,1,1,1,1,22.36
393,0,0,2001,112,392,35,1,1,2,1,68.6
394,0,0,2001,112,326,34,2,1,2,1,55.42
395,0,0,2001,112,188,28,1,1,1,1,26.32
396,0,0,2001,112,220,28,1,1,1,1,30.8
397,0,0,2001,112,170,26,2,1,1,1,22.1
398,0,0,2001,199,2788,72,1,1,6,2,1003.68
399,0,0,2001,199,2178,63,1,1,5,2,686.07
400,0,0,2001,199,778,47,2,1,3,2,182.83
401,0,0,2001,199,1562,56,2,1,5,2,437.36
402,0,0,2001,199,764,43,1,1,3,2,164.26
403,0,0,2001,199,1458,55,2,1,4,2,400.95
404,0,0,2001,199,2092,63,1,1,6,2,658.98
405,0,0,2001,199,968,49,2,1,4,2,237.16
406,0,0,2001,199,1040,48,2,1,4,2,249.6
407,0,0,2001,199,3100,67,2,1,6,2,1038.5
408,0,0,2001,199,346,37,1,1,2,2,64.01
409,0,0,2001,199,514,38,2,1,4,2,97.66
410,0,0,2001,199,3154,68,1,1,6,2,1072.36
411,0,0,2001,199,1354,51,2,1,3,2,345.27
412,0,0,2001,199,3154,71,1,1,6,2,1119.67
413,0,0,2001,199,1692,59,2,1,5,2,499.14
414,0,0,2001,199,886,46,1,1,3,2,203.78
415,0,0,2001,199,484,39,1,1,2,2,94.38
416,0,0,2001,199,242,32,1,1,2,2,38.72
417,0,0,2001,98,1316,54,2,1,4,3,355.32
418,0,0,2001,98,2464,63,1,1,4,3,776.16
419,0,0,2001,98,1770,57,1,1,3,3,504.45
420,0,0,2001,98,820,43,2,1,3,3,176.3
421,0,0,2001,98,1546,56,1,1,5,3,432.88
422,0,0,2001,98,1864,60,1,1,5,3,559.2
423,0,0,2001,98,2092,59,1,1,4,3,617.14
424,0,0,2001,98,2884,67,2,1,5,3,966.14
425,0,0,2001,98,1506,53,2,1,4,3,399.09
426,0,0,2001,98,1154,49,2,1,3,3,282.73
427,0,0,2001,98,1800,54,1,1,4,3,486
428,0,0,2001,98,1356,52,1,1,4,3,352.56
429,0,0,2001,98,1482,54,2,1,4,3,400.14
430,0,0,2001,98,1186,49,1,1,3,3,290.57
431,0,0,2001,98,1522,55,1,1,4,3,418.55
432,0,0,2001,98,1528,54,2,1,4,3,412.56
433,0,0,2001,98,610,40,1,1,3,3,122
434,0,0,2001,98,2038,62,1,1,4,3,631.78
435,0,0,2001,98,924,46,2,1,3,3,212.52
436,0,0,2001,98,404,36,2,1,2,3,72.72
437,0,0,2001,98,1026,49,1,1,3,3,251.37
438,0,0,2001,98,1108,51,1,1,3,3,282.54
439,0,0,2001,98,1462,53,1,1,3,3,387.43
440,0,0,2001,98,1466,54,2,1,4,3,395.82
441,0,0,2001,98,1496,56,1,1,4,3,418.88
442,0,0,2001,220,1566,56,2,1,4,4,438.48
443,0,0,2001,220,1678,60,1,1,4,4,503.4
444,0,0,2001,125,1742,62,2,1,5,4,540.02
445,0,0,2001,125,2362,65,2,1,4,4,767.65
446,0,0,2001,140,2088,63,1,1,3,4,657.72
447,0,0,2001,140,1108,49,2,1,3,4,271.46
448,0,0,2001,140,1040,49,2,1,4,4,254.8
449,0,0,2001,140,768,45,1,1,4,4,172.8
450,0,0,2001,140,832,46,2,1,3,4,191.36
451,0,0,2001,140,1388,55,2,1,4,4,381.7
452,0,0,2001,140,1028,48,1,1,4,4,246.72
453,0,0,2001,140,634,41,2,1,3,4,129.97
454,0,0,2001,140,508,38,2,1,3,4,96.52
455,0,0,2001,228,3096,71,1,1,6,4,1099.08
456,0,0,2001,228,2476,66,1,1,5,4,817.08
457,0,0,2001,228,798,49,2,1,4,4,195.51
458,0,0,2001,228,648,43,2,1,3,4,139.32
459,0,0,2001,228,542,41,2,1,4,4,111.11
460,0,0,2001,228,452,39,2,1,3,4,88.14
461,0,0,2001,228,356,34,2,1,2,4,60.52
462,0,0,2001,228,202,29,2,1,1,4,29.29
463,0,0,2001,228,194,29,2,1,2,4,28.13
464,0,0,2001,228,110,24,2,1,2,4,13.2
465,0,0,2001,228,94,23,2,1,1,4,10.81
466,0,0,2001,228,130,26,2,1,1,4,16.9
467,0,0,2001,228,52,19,2,1,1,4,4.94
468,0,0,2001,228,40,17,2,1,1,4,3.4
469,0,0,2001,228,46,18,2,1,1,4,4.14
470,0,0,2001,180,1432,52,2,1,3,3,372.32
471,0,0,2001,180,2280,62,1,1,6,3,706.8
472,0,0,2001,180,1228,52,1,1,4,3,319.28
473,0,0,2001,180,544,38,1,1,3,3,103.36
474,0,0,2001,180,686,42,2,1,3,3,144.06
475,0,0,2001,180,506,36,1,1,2,3,91.08
476,0,0,2001,180,758,43,1,1,3,3,162.97
477,0,0,2001,180,1356,50,1,1,6,3,339
478,0,0,2001,180,994,47,1,1,4,3,233.59
479,0,0,2001,180,1608,54,2,1,4,3,434.16
480,0,0,2001,180,1014,47,1,1,3,3,238.29
481,0,0,2001,180,570,39,1,1,3,3,111.15
482,0,0,2001,180,710,44,1,1,3,3,156.2
483,0,0,2001,193,2834,71,2,1,5,3,1006.07
484,0,0,2001,193,2018,62,2,1,4,3,625.58
485,0,0,2001,193,1746,57,1,1,4,3,497.61
486,0,0,2001,193,2552,66,1,1,5,3,842.16
487,0,0,2001,193,840,47,2,1,4,3,197.4
488,0,0,2001,193,240,31,2,1,2,3,37.2
489,0,0,2001,193,132,25,1,1,1,3,16.5
490,0,0,2001,193,212,29,2,1,2,3,30.74
491,0,0,2001,193,148,25,1,1,1,3,18.5
492,0,0,2001,193,152,27,2,1,2,3,20.52
493,0,0,2001,122,3372,72,1,1,6,3,1213.92
494,0,0,2001,122,2314,68,2,1,5,3,786.76
495,0,0,2001,122,1680,61,2,1,5,3,512.4
496,0,0,2001,122,1272,54,2,1,4,3,343.44
497,0,0,2001,122,792,48,1,1,3,3,190.08
498,0,0,2001,122,2402,66,1,1,5,3,792.66
499,0,0,2001,122,1592,55,2,1,4,3,437.8
500,0,0,2001,122,1956,63,2,1,5,3,616.14
501,0,0,2001,122,1016,47,1,1,3,3,238.76
502,0,0,2001,122,208,29,1,1,2,3,30.16
503,0,0,2001,122,140,25,1,1,2,3,17.5
504,0,0,2001,122,1344,54,2,1,4,3,362.88
505,0,0,2001,122,1876,61,2,1,5,3,572.18
506,0,0,2001,122,694,43,1,1,3,3,149.21
507,0,0,2001,122,164,27,2,1,2,3,22.14
508,0,0,2001,122,46,18,2,1,1,3,4.14
509,0,0,2001,122,38,17,2,1,1,3,3.23
510,0,0,2001,256,2986,67,1,1,5,3,1000.31
511,0,0,2001,256,900,48,2,1,3,3,216
512,0,0,2001,256,1240,52,1,1,3,3,322.4
513,0,0,2001,256,856,46,2,1,3,3,196.88
514,0,0,2001,256,1040,48,1,1,4,3,249.6
515,0,0,2001,256,482,38,2,1,3,3,91.58
516,0,0,2001,256,2624,69,1,1,6,3,905.28
517,0,0,2001,256,776,45,2,1,3,3,174.6
518,0,0,2001,256,816,44,1,1,3,3,179.52
519,0,0,2001,283,2450,65,2,1,6,2,796.25
520,0,0,2001,283,1534,55,2,1,4,2,421.85
521,0,0,2001,283,2342,62,1,1,5,2,726.02
522,0,0,2001,283,1608,54,1,1,6,2,434.16
523,0,0,2001,283,2608,59,1,1,7,2,769.36
524,0,0,2001,283,394,36,2,1,3,2,70.92
525,0,0,2001,283,502,38,1,1,3,2,95.38
526,0,0,2001,283,2692,63,1,1,8,2,847.98
527,0,0,2001,283,1384,49,1,1,5,2,339.08
528,0,0,2001,283,1292,53,1,1,3,2,342.38
529,0,0,2001,283,982,47,2,1,4,2,230.77
530,0,0,2001,260,3358,74,2,1,6,2,1242.46
531,0,0,2001,260,360,35,2,1,2,2,63
532,0,0,2001,260,472,39,1,1,3,2,92.04
533,0,0,2001,276,154,26,1,1,1,2,20.02
534,0,0,2001,110,1376,52,1,1,4,2,357.76
535,0,0,2001,110,2548,62,1,1,5,2,789.88
536,0,0,2001,110,1614,54,1,1,4,2,435.78
537,0,0,2001,110,1374,51,1,1,4,2,350.37
538,0,0,2001,110,1516,54,1,1,3,2,409.32
539,0,0,2001,110,924,48,2,1,3,2,221.76
540,0,0,2001,110,2546,63,1,1,4,2,801.99
541,0,0,2001,110,1416,52,1,1,4,2,368.16
542,0,0,2001,110,420,35,2,1,2,2,73.5
543,0,0,2001,110,984,54,2,1,4,2,265.68
544,0,0,2001,110,1130,49,2,1,3,2,276.85
545,0,0,2001,110,3788,65,1,1,7,2,1231.1
546,0,0,2001,55,2158,60,2,2,5,1,647.4
547,0,0,2001,55,1726,54,1,2,5,1,466.02
548,0,0,2001,55,1762,57,2,2,5,1,502.17
549,0,0,2001,55,1240,51,2,2,4,1,316.2
550,0,0,2001,55,1594,55,2,2,5,1,438.35
551,0,0,2001,55,1180,51,2,2,4,1,300.9
552,0,0,2001,55,1236,51,2,2,4,1,315.18
553,0,0,2001,55,1000,44,2,2,4,1,220
554,0,0,2001,55,2388,63,2,2,5,1,752.22
555,0,0,2001,55,1704,54,2,2,5,1,460.08
556,0,0,2001,55,1236,49,2,2,4,1,302.82
557,0,0,2001,55,1406,53,2,2,6,1,372.59
558,0,0,2001,55,1500,55,2,2,5,1,412.5
559,0,0,2001,55,1390,54,2,2,5,1,375.3
560,0,0,2001,55,1372,53,2,2,4,1,363.58
561,0,0,2001,90,3446,70,2,2,6,1,1206.1
562,0,0,2001,112,2724,65,2,2,7,1,885.3
563,0,0,2001,98,1798,57,2,2,6,3,512.43
564,0,0,2001,98,1682,54,2,2,6,3,454.14
565,0,0,2001,220,9166,94,2,2,8,4,4308.02
566,0,0,2001,125,2614,61,1,2,7,4,797.27
567,0,0,2001,228,1828,57,2,2,5,4,520.98
568,0,0,2001,180,2672,66,1,2,7,3,881.76
569,0,0,2001,180,1740,59,2,2,5,3,513.3
570,0,0,2001,180,564,38,2,2,3,3,107.16
571,0,0,2001,193,2508,63,2,2,6,3,790.02
572,0,0,2001,193,3472,70,2,2,6,3,1215.2
573,0,0,2001,193,2496,64,2,2,7,3,798.72
574,0,0,2001,122,3018,65,2,2,7,3,980.85
575,0,0,2001,256,2082,60,2,2,5,3,624.6
576,0,0,2001,256,1714,56,2,2,7,3,479.92
577,0,0,2001,283,1316,49,2,2,6,2,322.42
578,0,0,2001,283,1114,46,2,2,6,2,256.22
579,0,0,2001,283,1790,55,2,2,7,2,492.25
580,0,0,2001,276,3206,71,2,2,7,2,1138.13
581,0,0,2001,110,2128,59,2,2,4,2,627.76
582,0,0,2001,110,2240,62,2,2,5,2,694.4
583,0,0,2001,110,2092,60,2,2,4,2,627.6
584,0,0,2001,110,3652,72,2,2,5,2,1314.72
585,0,0,2001,110,1828,55,2,2,4,2,502.7
586,0,0,2001,110,2138,59,2,2,6,2,630.71
587,0,0,2001,110,2224,63,2,2,4,2,700.56
588,0,0,2001,110,1784,56,1,2,4,2,499.52
589,0,0,2001,110,1480,56,1,2,4,2,414.4
590,0,0,2001,110,1908,56,2,2,5,2,534.24
591,0,0,2001,110,1472,50,2,2,4,2,368
592,0,0,2001,55,3702,69,2,4,6,1,1277.19
593,0,0,2001,55,1550,53,2,4,5,1,410.75
594,0,0,2001,55,4070,75,1,4,8,1,1526.25
595,0,0,2001,55,1896,58,2,4,7,1,549.84
596,0,0,2001,55,3658,71,2,4,8,1,1298.59
597,0,0,2001,55,3762,74,2,4,10,1,1391.94
598,0,0,2001,55,7270,90,1,4,8,1,3271.5
599,0,0,2001,55,6934,93,2,4,8,1,3224.31
600,0,0,2001,90,5108,82,1,4,9,1,2094.28
601,0,0,2001,90,3948,72,2,4,6,1,1421.28
602,0,0,2001,90,3042,69,2,4,6,1,1049.49
603,0,0,2001,112,3266,72,1,4,7,1,1175.76
604,0,0,2001,112,2230,63,2,4,7,1,702.45
605,0,0,2001,112,2552,63,2,4,5,1,803.88
606,0,0,2001,199,9990,101,2,4,9,2,5044.95
607,0,0,2001,199,2988,70,1,4,5,2,1045.8
608,0,0,2001,199,4180,82,1,4,7,2,1713.8
609,0,0,2001,199,2828,72,2,4,7,2,1018.08
610,0,0,2001,199,2956,67,1,4,5,2,990.26
611,0,0,2001,199,2580,69,1,4,7,2,890.1
612,0,0,2001,199,2682,66,1,4,5,2,885.06
613,0,0,2001,199,,,1,4,0,2,0
614,0,0,2001,98,4676,83,1,4,8,3,1940.54
615,0,0,2001,98,4130,73,2,4,8,3,1507.45
616,0,0,2001,98,2200,62,2,4,5,3,682
617,0,0,2001,98,7098,85,1,4,7,3,3016.65
618,0,0,2001,98,3004,67,2,4,5,3,1006.34
619,0,0,2001,98,5902,82,1,4,6,3,2419.82
620,0,0,2001,98,4286,78,1,4,6,3,1671.54
621,0,0,2001,98,4564,80,1,4,6,3,1825.6
622,0,0,2001,98,1956,59,1,4,5,3,577.02
623,0,0,2001,98,2324,62,2,4,4,3,720.44
624,0,0,2001,98,2186,62,2,4,6,3,677.66
625,0,0,2001,125,7208,96,2,4,7,4,3459.84
626,0,0,2001,125,2814,66,1,4,8,4,928.62
627,0,0,2001,125,3912,80,1,4,7,4,1564.8
628,0,0,2001,125,2534,71,1,4,7,4,899.57
629,0,0,2001,140,2758,66,2,4,5,4,910.14
630,0,0,2001,140,1366,54,1,4,5,4,368.82
631,0,0,2001,140,2560,69,1,4,7,4,883.2
632,0,0,2001,228,7242,91,1,4,7,4,3295.11
633,0,0,2001,228,4734,78,2,4,6,4,1846.26
634,0,0,2001,228,4084,76,1,4,6,4,1551.92
635,0,0,2001,228,5964,82,1,4,7,4,2445.24
636,0,0,2001,193,6532,91,1,4,7,3,2972.06
637,0,0,2001,193,7264,94,1,4,7,3,3414.08
638,0,0,2001,122,8426,92,1,4,10,3,3875.96
639,0,0,2001,122,4892,79,1,4,8,3,1932.34
640,0,0,2001,122,3094,73,2,4,7,3,1129.31
641,0,0,2001,122,5664,85,2,4,7,3,2407.2
642,0,0,2001,122,3152,74,1,4,7,3,1166.24
643,0,0,2001,122,2414,67,1,4,5,3,808.69
644,0,0,2001,122,3426,68,2,4,6,3,1164.84
645,0,0,2001,122,3536,71,1,4,7,3,1255.28
646,0,0,2001,122,2900,75,1,4,7,3,1087.5
647,0,0,2001,256,3544,71,2,4,6,3,1258.12
648,0,0,2001,256,3194,71,1,4,6,3,1133.87
649,0,0,2001,256,8068,94,1,4,10,3,3791.96
650,0,0,2001,256,3594,69,1,4,5,3,1239.93
651,0,0,2001,283,2516,64,1,4,9,2,805.12
652,0,0,2001,283,3220,66,2,4,8,2,1062.6
653,0,0,2001,283,1830,59,2,4,6,2,539.85
654,0,0,2001,110,3336,65,1,4,7,2,1084.2
655,1,1,1999,194,2154,59,0,0,0,3,635.43
656,1,1,1999,194,1446,56,0,0,0,3,404.88
657,1,1,1999,194,4660,81,0,0,0,3,1887.3
658,1,1,1999,235,1034,52,0,0,0,4,268.84
659,1,1,1999,85,1968,60,2,1,5,1,590.4
660,1,1,1999,85,1536,52,1,1,5,1,399.36
661,1,1,1999,85,376,36,1,1,2,1,67.68
662,1,1,1999,85,1070,48,1,1,3,1,256.8
663,1,1,1999,85,100,23,2,1,1,1,11.5
664,1,1,1999,137,3754,74,1,1,5,1,1388.98
665,1,1,1999,137,2916,70,1,1,4,1,1020.6
666,1,1,1999,150,1744,57,2,1,4,2,497.04
667,1,1,1999,150,558,37,1,1,2,2,103.23
668,1,1,1999,150,1572,54,1,1,5,2,424.44
669,1,1,1999,150,904,50,1,1,3,2,226
670,1,1,1999,100,1204,51,2,1,3,2,307.02
671,1,1,1999,220,1490,55,2,1,5,2,409.75
672,1,1,1999,220,362,35,2,1,3,2,63.35
673,1,1,1999,220,650,42,2,1,4,2,136.5
674,1,1,1999,99,1820,58,2,1,3,3,527.8
675,1,1,1999,270,1384,55,2,1,4,3,380.6
676,1,1,1999,270,1700,60,2,1,6,3,510
677,1,1,1999,270,1382,56,2,1,5,3,386.96
678,1,1,1999,270,826,45,2,1,3,3,185.85
679,1,1,1999,235,718,43,2,1,3,4,154.37
680,1,1,1999,235,766,43,2,1,3,4,164.69
681,1,1,1999,278,626,42,1,1,3,4,131.46
682,1,1,1999,200,2770,67,2,2,6,1,927.95
683,1,1,1999,200,4076,76,1,2,6,1,1548.88
684,1,1,1999,200,2120,60,2,2,5,1,636
685,1,1,1999,200,1968,58,2,2,5,1,570.72
686,1,1,1999,200,1928,58,2,2,6,1,559.12
687,1,1,1999,200,7408,91,1,2,10,1,3370.64
688,1,1,1999,292,,,1,2,10,2,0
689,1,1,1999,99,1256,50,1,2,4,3,314
690,1,1,1999,99,1754,57,2,2,5,3,499.89
691,1,1,1999,278,3452,73,2,2,5,4,1259.98
692,1,1,1999,137,2168,60,1,4,5,1,650.4
693,2,1,1999,194,3442,72,0,0,0,3,1239.12
694,2,1,1999,194,2248,59,0,0,0,3,663.16
695,2,1,1999,85,2606,65,1,1,5,1,846.95
696,2,1,1999,85,706,42,2,1,3,1,148.26
697,2,1,1999,200,2368,61,1,1,5,1,722.24
698,2,1,1999,200,984,48,2,1,4,1,236.16
699,2,1,1999,137,1568,55,2,1,4,1,431.2
700,2,1,1999,137,244,31,1,1,2,1,37.82
701,2,1,1999,292,1582,59,1,1,4,2,466.69
702,2,1,1999,292,2226,62,1,1,5,2,690.06
703,2,1,1999,99,1484,53,1,1,5,3,393.26
704,2,1,1999,270,808,47,2,1,4,3,189.88
705,2,1,1999,270,908,47,2,1,4,3,213.38
706,2,1,1999,270,928,48,2,1,4,3,222.72
707,2,1,1999,270,390,34,1,1,2,3,66.3
708,2,1,1999,256,1058,49,1,1,3,3,259.21
709,2,1,1999,172,1350,53,1,1,4,3,357.75
710,2,1,1999,172,236,31,2,1,2,3,36.58
711,2,1,1999,235,1244,55,1,1,4,4,342.1
712,2,1,1999,235,1320,55,2,1,4,4,363
713,2,1,1999,278,1938,60,2,1,5,4,581.4
714,2,1,1999,278,1882,65,2,1,5,4,611.65
715,2,1,1999,110,1174,52,2,1,4,4,305.24
716,2,1,1999,110,1306,53,1,1,4,4,346.09
717,2,1,1999,200,1866,58,2,2,5,1,541.14
718,2,1,1999,200,1924,57,1,2,5,1,548.34
719,2,1,1999,200,2126,63,1,2,6,1,669.69
720,2,1,1999,200,1876,57,2,2,5,1,534.66
721,2,1,1999,200,1512,52,2,2,4,1,393.12
722,2,1,1999,200,2608,64,1,2,6,1,834.56
723,2,1,1999,200,1886,56,2,2,5,1,528.08
724,2,1,1999,200,1438,53,2,2,5,1,381.07
725,2,1,1999,200,1772,55,2,2,5,1,487.3
726,3,1,1999,194,2012,59,0,0,0,3,593.54
727,3,1,1999,235,164,28,0,0,0,4,22.96
728,3,1,1999,85,476,38,1,1,2,1,90.44
729,3,1,1999,85,1626,52,1,1,4,1,422.76
730,3,1,1999,85,416,36,2,1,2,1,74.88
731,3,1,1999,85,290,31,2,1,2,1,44.95
732,3,1,1999,85,368,36,2,1,2,1,66.24
733,3,1,1999,85,296,32,2,1,2,1,47.36
734,3,1,1999,200,690,43,1,1,3,1,148.35
735,3,1,1999,137,682,42,1,1,3,1,143.22
736,3,1,1999,137,1988,60,1,1,4,1,596.4
737,3,1,1999,256,1294,53,2,1,3,3,342.91
738,3,1,1999,200,5400,83,1,2,6,1,2241
739,3,1,1999,200,1632,55,1,2,5,1,448.8
740,3,1,1999,200,1970,60,1,2,5,1,591
741,3,1,1999,200,2408,64,2,2,6,1,770.56
742,3,1,1999,200,,,2,2,10,1,0
743,3,1,1999,99,3504,70,1,2,8,3,1226.4
744,3,1,1999,99,1804,54,2,2,4,3,487.08
745,3,1,1999,137,4336,76,1,4,5,1,1647.68
746,3,1,1999,137,3902,77,1,4,7,1,1502.27
747,4,1,1999,235,508,39,0,0,0,4,99.06
748,4,1,1999,85,468,38,2,1,2,1,88.92
749,4,1,1999,137,1196,51,2,1,4,1,304.98
750,4,1,1999,220,630,42,2,1,2,2,132.3
751,4,1,1999,270,4562,81,1,1,8,3,1847.61
752,4,1,1999,270,546,41,2,1,3,3,111.93
753,4,1,1999,256,1704,62,1,1,4,3,528.24
754,4,1,1999,256,2432,61,2,1,7,3,741.76
755,4,1,1999,256,1386,57,1,1,4,3,395.01
756,4,1,1999,278,1006,50,2,1,4,4,251.5
757,4,1,1999,278,172,29,2,1,2,4,24.94
758,4,1,1999,110,204,30,1,1,2,4,30.6
759,4,1,1999,110,444,39,2,1,3,4,86.58
760,4,1,1999,85,2144,60,2,2,5,1,643.2
761,4,1,1999,200,1410,57,1,2,5,1,401.85
762,4,1,1999,200,2620,65,2,2,6,1,851.5
763,4,1,1999,110,1714,55,2,2,4,4,471.35
764,5,1,1999,194,1698,55,0,0,0,3,466.95
765,5,1,1999,194,1998,62,0,0,0,3,619.38
766,5,1,1999,235,498,41,0,0,0,4,102.09
767,5,1,1999,85,776,43,1,1,3,1,166.84
768,5,1,1999,150,1446,55,1,1,4,2,397.65
769,5,1,1999,220,2100,64,1,1,5,2,672
770,5,1,1999,220,2072,61,1,1,5,2,631.96
771,5,1,1999,220,2184,62,2,1,5,2,677.04
772,5,1,1999,270,1570,54,2,1,5,3,423.9
773,5,1,1999,200,2632,62,2,2,6,1,815.92
774,5,1,1999,200,1782,56,1,2,5,1,498.96
775,5,1,1999,137,1318,49,2,2,5,1,322.91
776,6,1,1999,85,420,37,1,1,2,1,77.7
777,6,1,1999,200,296,32,1,1,2,1,47.36
778,6,1,1999,137,2282,64,1,1,5,1,730.24
779,6,1,1999,150,1902,62,1,1,5,2,589.62
780,6,1,1999,270,1636,58,1,1,5,3,474.44
781,6,1,1999,235,1998,59,1,1,4,4,589.41
782,6,1,1999,235,506,40,1,1,3,4,101.2
783,6,1,1999,278,1320,52,1,1,4,4,343.2
784,6,1,1999,200,1796,57,1,2,5,1,511.86
785,6,1,1999,200,2338,64,1,2,5,1,748.16
786,6,1,1999,200,1692,54,2,2,5,1,456.84
787,7,1,1999,235,562,42,0,0,0,4,118.02
788,7,1,1999,85,1994,56,1,1,4,1,558.32
789,7,1,1999,137,2476,64,1,1,5,1,792.32
790,7,1,1999,150,1200,52,2,1,4,2,312
791,7,1,1999,150,1350,54,1,1,4,2,364.5
792,7,1,1999,220,1706,59,1,1,4,2,503.27
793,7,1,1999,278,3056,74,1,1,6,4,1130.72
794,7,1,1999,278,812,46,1,1,3,4,186.76
795,7,1,1999,278,1364,54,1,1,4,4,368.28
796,7,1,1999,137,7160,86,1,4,10,1,3078.8
797,8,1,1999,137,296,33,2,1,2,1,48.84
798,8,1,1999,235,692,45,2,1,4,4,155.7
799,8,1,1999,200,1136,48,2,2,4,1,272.64
800,8,1,1999,220,1812,57,2,2,4,2,516.42
801,8,1,1999,99,2408,67,2,2,5,3,806.68
802,9,1,1999,85,1246,51,2,1,3,1,317.73
803,9,1,1999,270,762,48,1,1,4,3,182.88
804,9,1,1999,278,2818,68,1,1,5,4,958.12
805,9,1,1999,200,1948,60,1,2,5,1,584.4
806,10,1,1999,235,332,36,0,0,0,4,59.76
807,10,1,1999,200,3450,71,1,1,6,1,1224.75
808,10,1,1999,235,670,42,1,1,3,4,140.7
809,10,1,1999,278,206,29,2,1,2,4,29.87
810,10,1,1999,200,2286,62,1,2,5,1,708.66
811,10,1,1999,200,1888,56,2,2,5,1,528.64
812,10,1,1999,137,1878,61,2,2,5,1,572.79
813,10,1,1999,99,2036,59,1,2,6,3,600.62
814,11,1,1999,235,898,49,0,0,0,4,220.01
815,11,1,1999,292,2066,64,1,1,6,2,661.12
816,11,1,1999,270,978,49,1,1,4,3,239.61
817,11,1,1999,200,1724,57,1,2,5,1,491.34
818,12,1,1999,194,1150,50,0,0,0,3,287.5
819,12,1,1999,137,252,30,1,1,0,1,37.8
820,12,1,1999,292,1164,54,2,1,4,2,314.28
821,12,1,1999,278,466,39,2,1,3,4,90.87
822,12,1,1999,278,2400,62,1,1,5,4,744
823,12,1,1999,85,1524,54,2,2,5,1,411.48
824,12,1,1999,200,1312,53,1,2,4,1,347.68
825,13,1,1999,137,916,47,2,1,3,1,215.26
826,13,1,1999,270,432,38,2,1,2,3,82.08
827,13,1,1999,110,1078,50,1,1,4,4,269.5
828,14,1,1999,85,2302,62,2,1,7,1,713.62
829,14,1,1999,99,958,47,1,1,3,3,225.13
830,14,1,1999,200,1484,53,2,2,5,1,393.26
831,14,1,1999,110,1264,52,2,2,4,4,328.64
832,15,1,1999,235,1094,50,2,1,4,4,273.5
833,15,1,1999,278,412,37,2,1,2,4,76.22
834,15,1,1999,270,1518,55,2,2,4,3,417.45
835,16,1,1999,235,946,47,2,1,3,4,222.31
836,16,1,1999,278,510,39,2,1,3,4,99.45
837,16,1,1999,200,2202,59,1,2,5,1,649.59
838,16,1,1999,110,2054,57,2,2,6,4,585.39
839,17,1,1999,137,624,40,1,1,3,1,124.8
840,17,1,1999,292,1826,62,1,1,5,2,566.06
841,17,1,1999,200,1892,59,2,2,5,1,558.14
842,17,1,1999,278,2072,58,2,2,5,4,600.88
843,18,1,1999,150,1954,60,2,1,5,2,586.2
844,18,1,1999,270,492,40,1,1,3,3,98.4
845,18,1,1999,235,708,43,1,1,3,4,152.22
846,19,1,1999,172,200,30,1,1,2,3,30
847,19,1,1999,200,1520,53,1,2,5,1,402.8
848,20,1,1999,200,842,46,1,1,3,1,193.66
849,20,1,1999,278,562,40,2,1,2,4,112.4
850,21,1,1999,256,1108,54,2,1,5,3,299.16
851,21,1,1999,278,198,29,1,1,2,4,28.71
852,21,1,1999,278,2034,58,2,2,4,4,589.86
853,22,1,1999,278,198,30,1,1,2,4,29.7
854,22,1,1999,200,1416,52,2,2,5,1,368.16
855,23,1,1999,235,1242,53,1,1,5,4,329.13
856,23,1,1999,235,1682,56,2,1,4,4,470.96
857,24,1,1999,235,932,49,0,0,0,4,228.34
858,25,1,1999,235,1126,49,0,0,0,4,275.87
859,25,1,1999,110,1238,49,2,2,4,4,303.31
860,26,1,1999,137,1582,56,2,1,5,1,442.96
861,27,1,1999,137,2566,68,1,1,4,1,872.44
862,28,1,1999,292,794,46,1,1,3,2,182.62
863,28,1,1999,235,1396,56,1,1,4,4,390.88
864,28,1,1999,235,1996,59,2,2,5,4,588.82
865,32,1,1999,270,1342,53,1,1,4,3,355.63
866,33,1,1999,278,382,37,1,1,2,4,70.67
867,35,1,1999,235,174,30,0,0,0,4,26.1
868,35,1,1999,235,1182,53,2,1,4,4,313.23
869,36,1,1999,292,680,45,1,1,3,2,153
870,38,1,1999,278,156,28,0,0,0,4,21.84
871,39,1,1999,235,714,44,0,0,0,4,157.08
872,41,1,1999,137,456,38,1,1,3,1,86.64
873,41,1,1999,200,2312,61,1,2,6,1,705.16
874,45,1,1999,278,154,27,0,0,0,4,20.79
875,50,1,1999,137,1284,51,2,1,5,1,327.42
876,51,1,1999,235,386,36,0,0,0,4,69.48
877,52,1,1999,200,1458,53,2,2,5,1,386.37
878,56,1,1999,235,664,43,0,0,0,4,142.76
879,65,1,1999,278,194,30,1,1,2,4,29.1
880,68,1,1999,235,320,34,0,0,0,4,54.4
881,73,1,1999,235,206,29,0,0,0,4,29.87
882,84,1,1999,150,1732,58,2,1,5,2,502.28
883,86,1,1999,278,178,28,2,1,2,4,24.92
884,126,1,1999,235,1248,52,1,1,4,4,324.48
885,160,1,1999,235,658,42,0,0,0,4,138.18
886,183,1,1999,235,236,30,0,0,0,4,35.4
887,,1,1999,194,3722,77,0,0,0,3,1432.97
888,,1,1999,194,3594,70,0,0,0,3,1257.9
889,,1,1999,194,1104,52,0,0,0,3,287.04
890,,1,1999,194,1368,54,0,0,0,3,369.36
891,,1,1999,194,1762,61,0,0,0,3,537.41
892,,1,1999,194,1240,52,0,0,0,3,322.4
893,,1,1999,194,668,42,0,0,0,3,140.28
894,,1,1999,194,2914,74,0,0,0,3,1078.18
895,,1,1999,194,1756,55,0,0,0,3,482.9
896,,1,1999,194,1828,57,0,0,0,3,520.98
897,,1,1999,194,2720,66,0,0,0,3,897.6
898,,1,1999,194,1368,55,0,0,0,3,376.2
899,,1,1999,194,1834,60,0,0,0,3,550.2
900,,1,1999,194,420,36,0,0,0,3,75.6
901,,1,1999,194,2020,60,0,0,0,3,606
902,,1,1999,194,1886,61,0,0,0,3,575.23
903,,1,1999,194,3056,71,0,0,0,3,1084.88
904,,1,1999,100,1744,61,2,1,6,2,531.92
905,,1,1999,100,1562,55,2,1,4,2,429.55
906,,1,1999,100,3002,68,1,1,5,2,1020.68
907,,1,1999,100,1412,54,2,1,4,2,381.24
908,,1,1999,278,1320,50,1,1,4,4,330
909,,1,1999,278,332,36,1,1,2,4,59.76
910,,1,1999,278,1190,54,2,1,4,4,321.3
911,,1,1999,278,854,45,2,1,3,4,192.15
912,,1,1999,278,1140,50,2,1,4,4,285
913,,1,1999,278,984,49,2,1,4,4,241.08
914,,1,1999,278,652,42,1,1,4,4,136.92
915,,1,1999,278,580,42,2,1,3,4,121.8
916,,1,1999,278,476,39,1,1,3,4,92.82
917,,1,1999,278,360,35,2,1,2,4,63
918,,1,1999,110,1654,60,2,1,5,4,496.2
919,,1,1999,110,1786,61,1,1,5,4,544.73
920,,1,1999,110,912,48,1,1,3,4,218.88
921,,1,1999,110,2430,67,1,1,6,4,814.05
922,,1,1999,110,252,31,2,1,2,4,39.06
923,,1,1999,110,176,29,2,1,2,4,25.52
924,,1,1999,110,2136,62,1,1,5,4,662.16
925,,1,1999,110,916,49,2,1,3,4,224.42
926,,1,1999,110,526,39,2,1,3,4,102.57
927,,1,1999,110,354,36,2,1,3,4,63.72
928,,1,1999,110,418,36,1,1,3,4,75.24
929,,1,1999,110,356,35,1,1,3,4,62.3
930,,1,1999,110,670,42,2,1,3,4,140.7
931,,1,1999,110,816,45,2,1,3,4,183.6
932,,1,1999,110,324,35,1,1,2,4,56.7
933,,1,1999,110,234,32,2,1,2,4,37.44
934,,1,1999,110,206,31,2,1,2,4,31.93
935,,1,1999,278,2556,63,2,2,5,4,805.14
936,,1,1999,278,3172,68,1,2,6,4,1078.48
937,,1,1999,278,2426,65,2,2,5,4,788.45
938,,1,1999,110,1380,52,1,2,5,4,358.8
939,,1,1999,110,1692,56,1,2,5,4,473.76
940,,1,1999,110,2160,60,1,2,5,4,648
941,,1,1999,110,1236,50,2,2,5,4,309
942,,1,1999,110,1608,53,2,2,5,4,426.12
943,,1,1999,110,1972,57,1,2,5,4,562.02
944,1,1,2000,121,950,49,1,1,3,1,232.75
945,1,1,2000,121,1672,62,1,1,5,1,518.32
946,1,1,2000,121,1280,51,1,1,3,1,326.4
947,1,1,2000,121,1278,52,1,1,4,1,332.28
948,1,1,2000,121,3836,78,1,1,6,1,1496.04
949,1,1,2000,121,1072,51,1,1,6,1,273.36
950,1,1,2000,293,1908,62,1,1,5,2,591.48
951,1,1,2000,293,1034,51,2,1,3,2,263.67
952,1,1,2000,237,1548,59,2,1,6,2,456.66
953,1,1,2000,237,420,36,1,1,5,2,75.6
954,1,1,2000,285,1680,58,2,1,6,3,487.2
955,1,1,2000,285,1826,59,1,1,6,3,538.67
956,1,1,2000,285,2020,62,1,1,6,3,626.2
957,1,1,2000,285,1418,53,2,1,4,3,375.77
958,1,1,2000,285,1954,60,1,1,5,3,586.2
959,1,1,2000,285,1344,53,1,1,4,3,356.16
960,1,1,2000,285,954,49,2,1,3,3,233.73
961,1,1,2000,270,432,36,1,1,2,4,77.76
962,1,1,2000,260,1396,56,1,1,5,4,390.88
963,1,1,2000,121,2094,61,1,2,6,1,638.67
964,1,1,2000,121,3388,76,2,2,8,1,1287.44
965,1,1,2000,102,2414,63,2,2,8,2,760.41
966,1,1,2000,293,4240,82,2,2,9,2,1738.4
967,1,1,2000,237,3594,71,2,2,8,2,1275.87
968,1,1,2000,285,2296,60,2,2,5,3,688.8
969,1,1,2000,285,2390,64,2,2,6,3,764.8
970,1,1,2000,285,2724,64,1,3,6,3,871.68
971,2,1,2000,121,1506,56,2,1,4,1,421.68
972,2,1,2000,121,6020,89,2,1,8,1,2678.9
973,2,1,2000,102,940,45,2,1,3,2,211.5
974,2,1,2000,102,3892,69,2,1,7,2,1342.74
975,2,1,2000,102,542,40,1,1,4,2,108.4
976,2,1,2000,285,2150,64,2,1,6,3,688
977,2,1,2000,285,1348,54,1,1,5,3,363.96
978,2,1,2000,285,1170,52,2,1,4,3,304.2
979,2,1,2000,270,2908,69,2,1,5,4,1003.26
980,2,1,2000,270,554,40,2,1,3,4,110.8
981,2,1,2000,146,764,42,1,1,3,3,160.44
982,2,1,2000,121,2404,61,1,2,6,1,733.22
983,2,1,2000,121,2576,67,2,2,6,1,862.96
984,2,1,2000,121,2676,65,1,4,5,1,869.7
985,2,1,2000,146,2182,60,1,4,6,3,654.6
986,2,1,2000,146,1984,59,1,4,7,3,585.28
987,3,1,2000,121,2710,69,1,1,5,1,934.95
988,3,1,2000,102,1258,53,2,1,4,2,333.37
989,3,1,2000,285,2148,62,2,1,5,3,665.88
990,3,1,2000,285,3364,72,2,1,5,3,1211.04
991,3,1,2000,270,3200,69,2,1,5,4,1104
992,3,1,2000,260,990,51,1,1,5,4,252.45
993,3,1,2000,146,3258,73,1,1,7,3,1189.17
994,3,1,2000,121,4310,74,1,2,6,1,1594.7
995,3,1,2000,121,6600,92,1,2,7,1,3036
996,3,1,2000,270,2162,60,2,2,7,4,648.6
997,3,1,2000,121,2582,61,2,3,5,1,787.51
998,3,1,2000,121,2778,62,1,4,6,1,861.18
999,3,1,2000,270,3152,69,1,4,6,4,1087.44
1000,3,1,2000,146,3200,66,2,4,7,3,1056
1001,3,1,2000,146,2236,64,1,4,4,3,715.52
1002,4,1,2000,121,2234,63,1,1,5,1,703.71
1003,4,1,2000,102,932,48,2,1,4,2,223.68
1004,4,1,2000,237,1802,56,2,1,5,2,504.56
1005,4,1,2000,237,870,47,2,1,4,2,204.45
1006,4,1,2000,237,1660,55,1,1,4,2,456.5
1007,4,1,2000,270,1748,58,2,1,4,4,506.92
1008,4,1,2000,146,3372,72,2,1,5,3,1213.92
1009,4,1,2000,121,2160,59,1,2,6,1,637.2
1010,4,1,2000,121,2736,62,1,2,5,1,848.16
1011,4,1,2000,121,1286,52,2,2,6,1,334.36
1012,4,1,2000,121,1652,55,1,4,6,1,454.3
1013,4,1,2000,121,2032,59,1,4,6,1,599.44
1014,4,1,2000,260,2804,68,1,4,5,4,953.36
1015,5,1,2000,121,600,41,1,1,2,1,123
1016,5,1,2000,285,3708,71,1,1,7,3,1316.34
1017,5,1,2000,270,472,38,2,1,3,4,89.68
1018,5,1,2000,146,3622,78,2,1,8,3,1412.58
1019,5,1,2000,146,856,45,1,1,4,3,192.6
1020,5,1,2000,121,2094,60,2,2,5,1,628.2
1021,5,1,2000,121,4824,79,1,4,7,1,1905.48
1022,5,1,2000,260,3328,71,1,4,5,4,1181.44
1023,5,1,2000,146,2146,60,1,4,7,3,643.8
1024,6,1,2000,102,902,45,2,1,3,2,202.95
1025,6,1,2000,285,1052,51,2,1,4,3,268.26
1026,6,1,2000,260,492,38,2,1,2,4,93.48
1027,7,1,2000,260,828,46,1,1,3,4,190.44
1028,7,1,2000,121,3012,66,2,2,6,1,993.96
1029,7,1,2000,146,3002,70,1,4,5,3,1050.7
1030,8,1,2000,121,986,49,2,1,4,1,241.57
1031,8,1,2000,121,988,49,1,1,4,1,242.06
1032,8,1,2000,285,1952,60,1,1,5,3,585.6
1033,8,1,2000,260,1936,58,2,1,4,4,561.44
1034,8,1,2000,146,790,46,1,1,3,3,181.7
1035,8,1,2000,146,682,43,2,1,3,3,146.63
1036,8,1,2000,260,1712,55,2,2,4,4,470.8
1037,8,1,2000,121,2762,65,1,4,6,1,897.65
1038,9,1,2000,121,3040,70,1,1,6,1,1064
1039,9,1,2000,237,2490,66,1,1,8,2,821.7
1040,9,1,2000,270,756,43,2,1,4,4,162.54
1041,10,1,2000,121,726,43,1,1,3,1,156.09
1042,10,1,2000,270,278,33,1,1,2,4,45.87
1043,11,1,2000,260,1262,53,1,1,4,4,334.43
1044,11,1,2000,260,442,35,2,1,3,4,77.35
1045,12,1,2000,285,506,38,2,1,3,3,96.14
1046,12,1,2000,285,686,44,2,1,3,3,150.92
1047,12,1,2000,270,190,28,2,1,2,4,26.6
1048,12,1,2000,260,444,35,1,1,3,4,77.7
1049,13,1,2000,146,186,29,2,1,3,3,26.97
1050,14,1,2000,260,2554,60,1,1,5,4,766.2
1051,14,1,2000,121,2426,63,1,2,6,1,764.19
1052,14,1,2000,121,2570,68,2,2,6,1,873.8
1053,15,1,2000,121,1926,58,1,2,6,1,558.54
1054,17,1,2000,260,2374,67,2,1,6,4,795.29
1055,19,1,2000,121,1946,58,2,2,5,1,564.34
1056,20,1,2000,121,1664,58,1,1,4,1,482.56
1057,20,1,2000,260,2188,61,2,2,7,4,667.34
1058,22,1,2000,270,1344,54,2,1,4,4,362.88
1059,26,1,2000,285,1106,53,2,1,6,3,293.09
1060,26,1,2000,270,1120,49,1,1,3,4,274.4
1061,27,1,2000,270,1672,53,2,2,5,4,443.08
1062,28,1,2000,260,2096,63,1,4,5,4,660.24
1063,30,1,2000,260,3008,67,1,1,5,4,1007.68
1064,30,1,2000,260,418,38,2,1,4,4,79.42
1065,30,1,2000,146,974,47,1,1,4,3,228.89
1066,31,1,2000,146,700,43,2,1,3,3,150.5
1067,31,1,2000,260,5658,80,1,2,6,4,2263.2
1068,35,1,2000,270,1304,51,2,1,4,4,332.52
1069,39,1,2000,285,1430,57,2,1,6,3,407.55
1070,40,1,2000,270,1432,53,1,1,5,4,379.48
1071,43,1,2000,270,292,34,2,1,2,4,49.64
1072,43,1,2000,146,6314,93,1,4,9,3,2936.01
1073,44,1,2000,270,1548,55,1,1,5,4,425.7
1074,45,1,2000,285,1768,60,1,1,6,3,530.4
1075,45,1,2000,260,1138,51,1,1,4,4,290.19
1076,49,1,2000,270,1072,48,2,1,4,4,257.28
1077,52,1,2000,270,1096,49,2,1,5,4,268.52
1078,56,1,2000,146,198,29,2,1,2,3,28.71
1079,56,1,2000,121,1488,54,2,2,5,1,401.76
1080,58,1,2000,270,550,41,1,1,3,4,112.75
1081,67,1,2000,102,1250,54,2,1,6,2,337.5
1082,67,1,2000,260,2088,60,2,1,5,4,626.4
1083,71,1,2000,146,234,30,2,1,2,3,35.1
1084,81,1,2000,260,380,35,2,1,2,4,66.5
1085,186,1,2000,146,92,22,1,1,1,3,10.12
1086,210,1,2000,260,444,37,1,1,2,4,82.14
1087,223,1,2000,270,434,36,2,1,3,4,78.12
1088,1,1,2001,90,3754,72,1,1,5,1,1351.44
1089,1,1,2001,199,2472,67,2,1,6,2,828.12
1090,1,1,2001,199,984,48,2,1,3,2,236.16
1091,1,1,2001,199,2410,62,1,1,6,2,747.1
1092,1,1,2001,199,3314,77,1,1,6,2,1275.89
1093,1,1,2001,199,1448,56,2,1,5,2,405.44
1094,1,1,2001,199,3578,71,2,1,5,2,1270.19
1095,1,1,2001,98,1860,57,1,1,3,3,530.1
1096,1,1,2001,220,3412,68,1,1,5,4,1160.08
1097,1,1,2001,125,2348,68,1,1,5,4,798.32
1098,1,1,2001,125,3146,72,2,1,6,4,1132.56
1099,1,1,2001,140,836,46,1,1,3,4,192.28
1100,1,1,2001,140,744,44,1,1,3,4,163.68
1101,1,1,2001,140,620,43,2,1,3,4,133.3
1102,1,1,2001,140,748,45,2,1,3,4,168.3
1103,1,1,2001,140,938,51,1,1,3,4,239.19
1104,1,1,2001,228,1558,58,1,1,5,4,451.82
1105,1,1,2001,228,910,49,2,1,3,4,222.95
1106,1,1,2001,228,600,40,1,1,3,4,120
1107,1,1,2001,228,1104,52,1,1,4,4,287.04
1108,1,1,2001,180,1940,59,1,1,5,3,572.3
1109,1,1,2001,193,1266,56,2,1,5,3,354.48
1110,1,1,2001,193,266,32,2,1,2,3,42.56
1111,1,1,2001,193,414,35,2,1,2,3,72.45
1112,1,1,2001,193,274,33,1,1,2,3,45.21
1113,1,1,2001,122,1238,54,1,1,5,3,334.26
1114,1,1,2001,122,1490,59,2,1,5,3,439.55
1115,1,1,2001,122,1478,55,1,1,4,3,406.45
1116,1,1,2001,122,2222,68,2,1,5,3,755.48
1117,1,1,2001,122,2138,65,2,1,6,3,694.85
1118,1,1,2001,122,1730,56,1,1,5,3,484.4
1119,1,1,2001,256,1772,61,2,1,5,3,540.46
1120,1,1,2001,276,1276,53,2,1,4,2,338.14
1121,1,1,2001,276,2592,68,1,1,6,2,881.28
1122,1,1,2001,256,2284,57,2,2,6,3,650.94
1123,1,1,2001,98,1936,58,2,4,5,3,561.44
1124,1,1,2001,125,6044,84,2,4,7,4,2538.48
1125,1,1,2001,125,6172,84,2,4,7,4,2592.24
1126,1,1,2001,140,5442,85,2,4,8,4,2312.85
1127,1,1,2001,140,4098,79,1,4,6,4,1618.71
1128,1,1,2001,140,3990,72,2,4,6,4,1436.4
1129,1,1,2001,256,1988,59,1,4,5,3,586.46
1130,1,1,2001,276,5732,82,1,4,7,2,2350.12
1131,2,1,2001,112,252,29,2,1,2,1,36.54
1132,2,1,2001,112,198,27,2,1,1,1,26.73
1133,2,1,2001,199,3660,72,1,1,6,2,1317.6
1134,2,1,2001,199,1194,52,1,1,4,2,310.44
1135,2,1,2001,220,1246,53,1,1,3,4,330.19
1136,2,1,2001,125,1760,61,1,1,4,4,536.8
1137,2,1,2001,228,570,42,1,1,3,4,119.7
1138,2,1,2001,228,970,49,1,1,3,4,237.65
1139,2,1,2001,193,1350,54,1,1,4,3,364.5
1140,2,1,2001,122,2114,63,1,1,5,3,665.91
1141,2,1,2001,122,1520,56,2,1,5,3,425.6
1142,2,1,2001,256,1602,56,1,1,4,3,448.56
1143,2,1,2001,256,1812,56,1,1,6,3,507.36
1144,2,1,2001,260,968,49,1,1,3,2,237.16
1145,2,1,2001,110,560,41,1,1,2,2,114.8
1146,2,1,2001,110,1074,57,2,1,4,2,306.09
1147,2,1,2001,140,2164,59,2,2,5,4,638.38
1148,2,1,2001,125,4076,76,2,4,6,4,1548.88
1149,2,1,2001,140,,,1,4,9,4,0
1150,2,1,2001,122,2192,60,2,4,7,3,657.6
1151,2,1,2001,256,2808,65,1,4,6,3,912.6
1152,2,1,2001,276,7888,94,2,4,9,2,3707.36
1153,3,1,2001,112,398,34,2,1,2,1,67.66
1154,3,1,2001,140,748,44,1,1,3,4,164.56
1155,3,1,2001,140,302,34,2,1,2,4,51.34
1156,3,1,2001,140,366,34,1,1,2,4,62.22
1157,3,1,2001,228,768,45,2,1,4,4,172.8
1158,3,1,2001,228,1636,58,1,1,5,4,474.44
1159,3,1,2001,228,596,41,2,1,3,4,122.18
1160,3,1,2001,180,778,44,1,1,3,3,171.16
1161,3,1,2001,193,1334,52,2,1,4,3,346.84
1162,3,1,2001,283,66,19,2,1,1,2,6.27
1163,3,1,2001,110,1738,65,2,1,4,2,564.85
1164,3,1,2001,112,4432,80,1,4,7,1,1772.8
1165,3,1,2001,140,2154,63,1,4,5,4,678.51
1166,3,1,2001,140,1994,61,2,4,5,4,608.17
1167,3,1,2001,228,4938,81,2,4,7,4,1999.89
1168,3,1,2001,256,3412,74,1,4,5,3,1262.44
1169,4,1,2001,220,1094,52,1,1,4,4,284.44
1170,4,1,2001,220,1042,50,2,1,5,4,260.5
1171,4,1,2001,220,1588,58,1,1,4,4,460.52
1172,4,1,2001,140,444,38,1,1,2,4,84.36
1173,4,1,2001,140,760,44,1,1,4,4,167.2
1174,4,1,2001,228,546,39,2,1,3,4,106.47
1175,4,1,2001,180,886,50,2,1,5,3,221.5
1176,4,1,2001,122,1060,49,1,1,4,3,259.7
1177,4,1,2001,260,1476,55,2,1,4,2,405.9
1178,4,1,2001,228,1820,56,2,2,5,4,509.6
1179,4,1,2001,110,4494,78,2,2,6,2,1752.66
1180,4,1,2001,140,6478,92,1,4,9,4,2979.88
1181,4,1,2001,180,3074,64,2,4,7,3,983.68
1182,4,1,2001,122,2286,63,1,4,7,3,720.09
1183,5,1,2001,220,2556,60,1,1,5,4,766.8
1184,5,1,2001,140,480,39,1,1,3,4,93.6
1185,5,1,2001,228,3620,74,1,1,5,4,1339.4
1186,5,1,2001,228,1718,59,2,1,6,4,506.81
1187,5,1,2001,122,636,44,2,1,3,3,139.92
1188,5,1,2001,256,1938,64,2,1,6,3,620.16
1189,5,1,2001,283,2650,65,1,1,5,2,861.25
1190,5,1,2001,140,2306,60,2,2,7,4,691.8
1191,5,1,2001,283,3244,71,2,2,6,2,1151.62
1192,5,1,2001,140,2604,63,1,4,8,4,820.26
1193,6,1,2001,125,2056,63,1,1,4,4,647.64
1194,6,1,2001,228,556,41,2,1,3,4,113.98
1195,6,1,2001,122,1392,53,1,1,4,3,368.88
1196,6,1,2001,276,1252,51,1,1,3,2,319.26
1197,6,1,2001,276,366,36,2,1,3,2,65.88
1198,6,1,2001,260,1594,53,2,2,4,2,422.41
1199,6,1,2001,112,4286,78,2,4,6,1,1671.54
1200,6,1,2001,199,3716,78,2,4,7,2,1449.24
1201,7,1,2001,140,1014,47,1,1,4,4,238.29
1202,7,1,2001,228,388,37,1,1,3,4,71.78
1203,7,1,2001,276,2708,65,1,1,6,2,880.1
1204,8,1,2001,199,2640,67,1,1,6,2,884.4
1205,8,1,2001,228,416,38,1,1,4,4,79.04
1206,8,1,2001,122,2754,70,1,1,6,3,963.9
1207,8,1,2001,256,1360,54,1,1,4,3,367.2
1208,8,1,2001,256,746,42,2,1,3,3,156.66
1209,8,1,2001,110,786,45,1,1,3,2,176.85
1210,8,1,2001,140,3398,67,1,2,7,4,1138.33
1211,8,1,2001,140,2952,67,2,2,6,4,988.92
1212,9,1,2001,228,1688,62,2,1,5,4,523.28
1213,9,1,2001,193,386,37,1,1,3,3,71.41
1214,9,1,2001,283,2916,67,2,4,7,2,976.86
1215,10,1,2001,140,504,39,2,1,2,4,98.28
1216,10,1,2001,228,698,43,2,1,3,4,150.07
1217,10,1,2001,228,2310,59,2,1,4,4,681.45
1218,10,1,2001,228,798,46,2,1,3,4,183.54
1219,10,1,2001,193,446,39,2,1,3,3,86.97
1220,11,1,2001,256,902,49,2,1,4,3,220.99
1221,13,1,2001,125,1828,64,2,1,6,4,584.96
1222,13,1,2001,140,718,43,1,1,3,4,154.37
1223,13,1,2001,228,382,37,2,1,3,4,70.67
1224,14,1,2001,112,560,39,1,1,2,1,109.2
1225,14,1,2001,256,444,36,2,1,3,3,79.92
1226,14,1,2001,140,2602,65,1,4,7,4,845.65
1227,16,1,2001,260,3566,71,1,4,7,2,1265.93
1228,17,1,2001,140,1542,55,2,1,4,4,424.05
1229,17,1,2001,122,146,26,2,1,2,3,18.98
1230,18,1,2001,228,692,42,2,1,3,4,145.32
1231,18,1,2001,260,652,43,1,1,3,2,140.18
1232,18,1,2001,256,2514,64,1,2,7,3,804.48
1233,19,1,2001,260,2246,67,1,1,5,2,752.41
1234,20,1,2001,228,244,31,1,1,2,4,37.82
1235,20,1,2001,140,5900,84,1,4,9,4,2478
1236,30,1,2001,228,1004,48,2,1,3,4,240.96
1237,34,1,2001,140,1408,52,2,2,6,4,366.08
1238,36,1,2001,140,2052,60,2,2,6,4,615.6
1239,40,1,2001,256,1962,61,2,1,5,3,598.41
1240,42,1,2001,228,372,34,1,1,4,4,63.24
1241,45,1,2001,256,1472,53,2,4,5,3,390.08
1242,46,1,2001,220,660,43,1,1,3,4,141.9
1243,46,1,2001,122,256,32,2,1,2,3,40.96
1244,49,1,2001,140,1558,55,1,4,5,4,428.45
1245,50,1,2001,228,484,38,2,1,3,4,91.96
1246,55,1,2001,228,704,45,1,1,4,4,158.4
1247,75,1,2001,140,884,46,2,1,3,4,203.32
1248,84,1,2001,260,910,48,2,1,4,2,218.4
1249,89,1,2001,260,1414,56,1,1,6,2,395.92
1250,90,1,2001,228,224,31,1,1,2,4,34.72
1251,104,1,2001,140,690,43,2,1,3,4,148.35
1252,125,1,2001,140,754,44,2,1,3,4,165.88
1253,128,1,2001,140,1270,55,2,4,7,4,349.25
1254,257,1,2001,228,370,35,2,1,3,4,64.75
